id,domain,status,purchase_price,renewal_price,attractiveness,demand,length,registrar,created_at,expires_at,status_verified_at
7b453da6-62c1-4c4e-810f-1af40a1c1566,against.network,available,7.99,,medium,low,7,name.com,,,
6281b1a3-2644-429a-9418-70a8baee6f90,candidacy.network,available,7.99,,high,low,9,name.com,,,
036b6376-c5ad-4072-bd1b-bbe3ce716d97,activity.network,resell,,,high,low,8,Turkticaret.net Yazılım Hizmetleri Sanayi ve Ticaret A.Ş.,15/08/2016 10:42,15/08/2027 10:42,
5503be0c-343b-4220-86f9-0a4e583e724e,spacious.network,available,7.99,,high,low,8,name.com,,,
82eb3aa2-c4ce-490c-b0ac-03eb1bb1df40,barely.network,available,7.99,,high,low,6,name.com,,,
088b1540-ce62-489d-9707-c58a56e76eaa,addable.network,available,6.48,46.98,medium,low,7,namecheap,,,
fdd6c0c4-621d-4843-8d83-a69f7e02cbcb,hazard.network,available,7.99,,medium,low,6,name.com,,,
77cc40af-c09e-4602-ad4f-e3b65dbc9485,tower.network,resell,,,high,low,5,"Spaceship, Inc.",13/07/2023 17:00,13/07/2027 17:00,19/09/2026 14:21
c8690c10-22a9-436b-bf70-9a99ba18e80b,microwave.network,available,7.99,,high,low,9,name.com,,,
f9606ea4-4f48-4a42-aab1-126150513355,voting.network,premium,140,280,high,low,6,namecheap,,,
db62fe58-1cab-45c6-b94a-363f7a5b4866,likely.network,available,7.99,,high,low,6,name.com,,,
e184dac0-d76d-43c7-a729-2982fd2a0a27,suitable.network,available,7.99,,high,low,8,name.com,,,
b619e635-af0d-4a97-9688-fc1a4bdfaa04,notes.network,resell,,,high,low,5,"Spaceship, Inc.",17/07/2023 16:01,17/07/2027 16:01,19/09/2026 10:15
bf720127-c6a0-4f0a-bf7a-a95ee67119c2,cinderella.network,available,7.99,,high,low,10,name.com,,,
e04f44d7-8eb9-48a6-9301-82fe5a8fa22d,lisbon.network,premium,140,280,high,low,6,namecheap,,,
30727351-584b-4044-a237-ffd0f928bb85,pal.network,resell,,,high,low,3,Porkbun LLC,06/09/2018 14:20,06/09/2027 14:20,
88298e07-2eeb-48d8-8771-c91d90837e3e,paper.network,resell,,,high,low,5,"GoDaddy.com, LLC",17/04/2015 07:49,17/04/2027 07:49,
99f11584-75a0-4cbe-bae3-05084d647fc4,idolized.network,available,6.48,46.98,high,low,8,namecheap,,,
ba6134e2-7d88-4270-ad87-86fff078e505,inch.network,resell,,,high,low,4,Dynadot Inc,16/05/2024 18:03,16/05/2027 18:03,
5b5ae18c-6501-47bd-8dfb-058b71ccbfda,obtained.network,available,7.99,,medium,low,8,name.com,,,
22631dd9-c942-4b18-a63a-8d0c177a9468,bully.network,available,,,high,low,5,,,,
0ed80a2a-3a06-488a-8417-2b9b1b141aa4,eleventh.network,available,6.48,46.98,high,low,8,namecheap,,,
b09ca508-00b6-4d78-bc83-db7251823f32,chairman.network,available,7.99,,high,low,8,name.com,,,
c0380bfb-36f2-4e19-bc6b-68801e54d484,hiding.network,available,6.48,46.98,high,low,6,namecheap,,,08/09/2026 11:45
03748e6f-3b70-4636-afc1-54e036428985,feel.network,resell,,,high,low,4,Squarespace Domains II LLC,15/03/2022 13:15,15/03/2027 13:15,22/09/2026 16:17
5a58fe0a-9b68-40a6-a7c6-c6ef9794935b,deposit.network,resell,,,high,low,7,"Sav.com, LLC - 13",25/06/2024 15:15,25/06/2026 15:15,
74a09c17-7440-45e9-a9e0-a29e5e4d7904,condemn.network,available,7.99,,high,low,7,name.com,,,
2d87f351-d6ce-43be-9f03-0727f0ee2243,alexander.network,resell,,,high,low,9,"Sav.com, LLC - 47",08/09/2026 15:15,08/09/2027 15:15,18/09/2026 04:02
662bb33a-0026-4230-9259-c58516db5d3f,suggest.network,resell,,,high,low,7,Dynadot Inc,08/09/2025 03:40,08/09/2026 03:40,
d1d46a31-3f53-4eef-bd83-08dbfe818f7d,apsidal.network,available,6.48,46.98,medium,low,7,namecheap,,,06/08/2026 10:18
18fdfe26-2cce-4aea-8725-be0786b96ddc,sixer.network,available,6.48,46.98,medium,low,5,namecheap,,,
002a63cb-d8ca-4099-aa84-db8fb069c7e1,irritable.network,available,7.99,,medium,low,9,name.com,,,
24ea7e70-2b98-4333-bad7-a1f01a474a51,absorbent.network,available,6.48,46.98,high,low,9,namecheap,,,
33577e1f-13a7-4d2f-950c-c62a195af7a3,ghostlike.network,available,6.48,46.98,medium,low,9,namecheap,,,06/08/2026 05:23
3e9a3b79-4da0-43a0-a0a3-24bf8067a9c3,inevitable.network,available,,,high,low,10,,,,
a7d844be-cff2-43fd-98ce-8a935afd49b1,repugnant.network,available,6.48,46.98,medium,low,9,namecheap,,,
d2e25b27-80b8-4283-8b13-dbe3d43e36a3,gaping.network,available,6.48,46.98,high,low,6,namecheap,,,
a6cb330b-0a1c-4e1f-8e89-b963a83d9b5f,netherlands.network,available,,,high,low,11,,,,
8d083426-99bc-4f62-be14-e699005075fd,enjoy.network,available,,,high,low,5,,,,
2149cf0f-3d89-494a-8c26-191bff1b6d41,lamp.network,resell,,,high,low,4,"NameSilo, LLC",17/05/2018 07:54,17/05/2027 07:54,
3382fd6e-31f3-4c7e-bdba-8e2f46e2b58f,campaigning.network,available,7.99,,high,low,11,name.com,,,
bae7db91-0d7c-48ef-b391-ebfa766ca679,learnt.network,available,7.99,,medium,low,6,name.com,,,
e4d2f7e2-6d2a-41c5-be7c-b16de433eb4d,ate.network,premium,14,28,high,low,3,namecheap,,,
01fb8e0c-966a-4115-a69f-3085bd38a20f,moderately.network,available,7.99,,medium,low,10,name.com,,,
e63407ca-b5ec-48ed-96b7-0c6c6b357d64,manner.network,available,7.99,,high,low,6,name.com,,,
59dc9a36-0d10-4415-8aaa-970074e36e4c,militant.network,available,6.48,46.98,high,low,8,namecheap,,,
ff8b76aa-224f-412e-be31-976a38f68c9e,amended.network,available,6.48,46.98,high,low,7,namecheap,,,
eefff2d4-560e-4046-bb31-7a14be9d14dd,insolvent.network,available,6.48,46.98,medium,low,9,namecheap,,,08/08/2026 13:34
6d876079-9d3d-4174-88ea-fa8191b1ac7b,pale.network,available,7.99,,high,low,4,name.com,,,
3ff71cde-8ebf-4cc1-bf76-eb1c0f88ee01,abuzz.network,available,6.48,46.98,medium,low,5,namecheap,,,
3890d030-774f-4272-85a2-77bdefbe8fc3,ghostly.network,available,6.48,46.98,high,low,7,namecheap,,,06/08/2026 05:28
397d2f3a-de2a-4234-99cb-a1edca95677e,limitation.network,available,7.99,,medium,low,10,name.com,,,
25e6ea53-cb65-4347-8220-43942ac34fe9,disturb.network,available,7.99,,high,low,7,name.com,,,
781de79b-9709-4882-8b1f-9e91632ef819,disposed.network,available,7.99,,high,low,8,name.com,,,
b337ffd3-4a92-4510-aec4-31bd2c1976a2,lowercase.network,available,7.99,,high,low,9,name.com,,,
6a6c8a6b-1526-49a2-a393-95eb99f4059e,gram.network,resell,,,high,low,4,Dynadot Inc,22/10/2018 11:12,22/10/2026 11:12,
74e8e6b8-970d-42a2-800e-0dfca0e24021,bro.network,resell,,,high,low,3,"NameCheap, Inc.",07/09/2025 15:15,07/09/2026 15:15,
1e11d223-9233-4738-a840-083b2dbf2150,alabaster.network,available,6.48,46.98,high,low,9,namecheap,,,
08b8ab49-0a44-491a-8f54-a554244361f8,sink.network,available,,,high,low,4,,,,
e2ea0e07-2105-451f-ab19-a08040109d3a,radioactivity.network,available,7.99,,medium,low,13,name.com,,,
d8afbd15-31bc-4302-88c1-f4fa45fcd611,trial.network,resell,,,high,low,5,"Spaceship, Inc.",01/08/2024 17:07,01/08/2027 17:07,20/09/2026 09:32
d09fc508-774e-4d8b-83ba-ef37fd752640,unemployed.network,available,7.99,,medium,low,10,name.com,,,
cc0f0d23-f762-478d-886d-e8a046792204,slighting.network,available,6.48,46.98,medium,low,9,namecheap,,,09/08/2026 13:15
e72be571-6cdd-4878-9114-0d6a1428d14a,antsy.network,available,6.48,46.98,medium,low,5,namecheap,,,05/08/2026 20:27
5fdd4f6a-7566-4e23-9f28-38891e194a94,subjective.network,available,7.99,,high,low,10,name.com,,,
dae58995-5e04-4cfe-b5d1-aee75943582e,veal.network,available,7.99,,medium,low,4,name.com,,,
b136bd46-701c-4785-aa39-2278bd500024,stink.network,available,7.99,,high,low,5,name.com,,,
6993ab13-cdd8-49b0-8fd6-eb6f328c831f,bali.network,resell,,,high,medium,4,"Sav.com, LLC",11/04/2023 09:36,11/04/2027 09:36,
40aa751c-8ea2-498a-9a09-4b8abaca0e4b,prudent.network,resell,,,high,low,7,Dynadot Inc,08/02/2023 18:44,08/02/2027 18:44,
98ea7934-1c36-4e96-9cbc-b47d02d6e3a8,particles.network,available,7.99,,medium,low,9,name.com,,,
aaff7545-c961-4fb5-a01f-bfc2b7f0f6b1,auxetic.network,available,6.48,46.98,medium,low,7,namecheap,,,07/08/2026 21:28
4cbc2276-57e0-4161-aaff-b3ba5d949fd5,livid.network,available,6.48,46.98,medium,low,5,namecheap,,,07/08/2026 02:24
153c0704-41db-4150-9eb4-b11f0e529738,http.network,available,,,high,low,4,,,,
080adaa5-51d5-4152-a2bd-ec123aa12337,xli.network,premium,13,26,high,low,3,namecheap,,,
aa6e9ab0-f028-4471-9fd6-ec9ba85c6763,despise.network,available,7.99,,high,low,7,name.com,,,
b51411a3-97d3-4d0b-b1fa-f7e0610f3750,arachnoid.network,available,6.48,46.98,medium,low,9,namecheap,,,06/08/2026 11:41
333de7e8-96a7-4caa-98b6-a543054f8a38,rudderless.network,available,6.48,46.98,medium,low,10,namecheap,,,
525ef136-a3d1-4782-915a-a52c97d21fe3,publicly.network,available,7.99,,high,low,8,name.com,,,
884ce0d1-1e5e-45db-a024-d150071575ae,anaerobic.network,available,6.48,46.98,medium,low,9,namecheap,,,
65c5a26c-1158-4298-9c90-7c2d6f95fa6f,temporary.network,resell,,,high,low,9,Porkbun LLC,16/06/2024 21:40,16/06/2026 21:40,
2e7d7236-22e0-4546-bcf7-12eab90c674b,kitschy.network,available,6.48,46.98,medium,low,7,namecheap,,,09/08/2026 00:53
676e2494-ff43-4409-b0f6-7f6c8a0cae74,customise.network,available,7.99,,high,low,9,name.com,,,
238ca812-9c91-4cdd-9944-fceeb884a73d,maudlin.network,available,6.48,46.98,medium,low,7,namecheap,,,09/08/2026 00:42
58791c42-0536-4f7f-b771-451a7256580a,ambrosian.network,available,6.48,46.98,high,low,9,namecheap,,,
12d0018f-63e7-4362-8b1e-dda4237b1b62,beforehand.network,available,6.48,46.98,medium,low,10,namecheap,,,09/08/2026 08:51
1e5180d1-c646-4628-8a70-4841f7efef72,addition.network,available,7.99,,high,low,8,name.com,,,
79c8e618-765e-43a9-8d5d-8ad3facdc1f4,addible.network,available,6.48,46.98,medium,low,7,namecheap,,,
fbef9f77-b039-4099-ab9e-0090b482090a,proportion.network,available,7.99,,high,low,10,name.com,,,
c2f1c579-0d7c-49c9-9ce6-05cc6b0ae835,distract.network,available,7.99,,high,low,8,name.com,,,
6dd96e31-5464-483e-a683-7dde20000c12,supposedly.network,available,7.99,,medium,low,10,name.com,,,
366e3de4-6c3e-4217-be42-02d79b7262cf,bashful.network,available,6.48,46.98,high,low,7,namecheap,,,08/08/2026 22:01
a6ea7038-fd5e-463e-b36f-d4d0be0455e9,pesky.network,available,6.48,46.98,medium,low,5,namecheap,,,
e073cea1-c152-495a-bfe6-66ea1e1b7670,unquestionable.network,available,7.99,,medium,low,14,name.com,,,
7deeec11-1bbe-479c-b3d2-6bf97ac3bddd,fanta.network,available,7.99,,high,low,5,name.com,,,
16663293-5598-406e-8856-e87ffc2d6561,agitating.network,available,6.48,46.98,medium,low,9,namecheap,,,
4652c6d8-4a35-415d-a415-98cdfc11ffa5,unmatched.network,available,7.99,,high,low,9,name.com,,,
a302c6a6-9533-4761-bc57-96be38f1849d,fatigue.network,available,7.99,,high,low,7,name.com,,,
70110893-de1b-4bbb-bb74-f61e47316c02,testimony.network,resell,,,high,low,9,"Global Domains International, Inc. DBA DomainCostClub.com",05/10/2023 15:08,05/10/2026 15:08,
f5df94cf-e623-498e-ad3f-4d41bff76976,quite.network,available,7.99,,high,low,5,name.com,,,
071deff7-0965-4fae-b118-4a3b27f2d3a4,multitude.network,available,,,high,low,9,,,,
8b1c4311-790b-43c1-b1cb-c60b5c953383,real.network,resell,,,high,medium,4,Dynadot Inc,01/05/2020 23:19,01/05/2028 23:19,
dde73278-5898-4645-871a-c9ffc8dd8bcd,exhibit.network,premium,140,280,high,low,7,namecheap,,,
135ae06d-6b48-4ca7-9d05-869f3eb890a6,baritone.network,available,6.48,46.98,medium,low,8,namecheap,,,08/08/2026 19:36
13d64f78-34f0-4806-8f8a-1e59ce5b7478,inverted.network,available,6.48,46.98,high,low,8,namecheap,,,
46431484-d861-4ddf-9ea9-633584a1eba6,autotelic.network,available,6.48,46.98,high,low,9,namecheap,,,07/08/2026 21:08
a126961c-5f3b-4894-81e0-b8ab37fdf9dd,repel.network,available,7.99,,high,low,5,name.com,,,
8e97f2f3-c814-4337-8018-454cff8630fd,disassemble.network,available,7.99,,high,low,11,name.com,,,
2ac0b42c-35db-42a7-9820-9ea3e4b4cb2d,afrikaans.network,available,6.48,46.98,medium,low,9,namecheap,,,
c444f402-90a2-47d2-a543-1574614fba28,resolvable.network,available,7.99,,high,low,10,name.com,,,
8b486585-5dbe-4576-a89f-9437538e5912,involvement.network,available,7.99,,high,low,11,name.com,,,
9a3c0bfe-486b-463b-8919-268dbb4fc932,analogous.network,available,6.48,46.98,medium,low,9,namecheap,,,
1b6d413c-432e-4b64-b6ca-32ab7cd77813,leaning.network,available,6.48,46.98,high,low,7,namecheap,,,07/08/2026 13:24
82cbf806-d5d1-48fe-a20c-e82a23a426cd,sweatshirt.network,available,7.99,,high,low,10,name.com,,,
8606dca9-5e3e-48fe-b0bc-6a1d1c187fea,successfully.network,available,7.99,,high,low,12,name.com,,,
ca5758a7-bad2-412b-a142-2b2f3fabdb7a,promo.network,resell,,,high,low,5,Squarespace Domains II LLC,15/06/2021 20:46,15/06/2030 20:46,
de93de4b-1e93-400f-a6d4-cc2ae3aa7f23,aslant.network,available,6.48,46.98,medium,low,6,namecheap,,,07/08/2026 03:56
bc2ffc34-ed1d-484b-8462-a2ae1bfb68ad,alluvial.network,available,6.48,46.98,high,low,8,namecheap,,,
de75cc05-7e94-4581-9028-a585f70f073e,omen.network,resell,,,high,low,4,"Sav.com, LLC",28/02/2026 17:07,28/02/2027 17:07,
449482a8-0ef7-40a7-8877-85e0ae59b020,thorny.network,available,6.48,46.98,medium,low,6,namecheap,,,08/08/2026 17:55
28358121-1705-4ab5-9e1b-105defeef4f5,bachelor.network,available,7.99,,high,low,8,name.com,,,
9a282ece-3be5-4b3e-92ce-c5e548a86e53,dingy.network,available,6.48,46.98,medium,low,5,namecheap,,,09/08/2026 09:20
d5c0edf9-612f-4ae0-b7b0-6a35cd40989b,siberian.network,available,7.99,,high,low,8,name.com,,,
fd23d4a1-40c4-4568-98ba-1bee4f49b1d0,diplomat.network,resell,,,high,low,8,Dynadot Inc,16/02/2026 17:01,16/02/2027 17:01,
38ef968b-ba5e-46d8-b0bb-cc822ef2df83,participating.network,available,7.99,,medium,low,13,name.com,,,
faf46ad4-ada2-45bd-9a62-5c0c073fb1a8,hokey.network,available,6.48,46.98,medium,low,5,namecheap,,,09/08/2026 00:37
42d003b2-6ac6-4151-bc49-9df4a7d8e31c,mainly.network,available,7.99,,high,low,6,name.com,,,
63681b32-0c81-4677-9e7d-a76886de0c00,women.network,resell,,,high,low,5,"Global Domains International, Inc. DBA DomainCostClub.com",10/12/2014 16:11,10/12/2026 16:11,
eada4be9-e9c5-4b2f-be13-5fe15899f6cf,industrial.network,resell,,,high,low,10,"Spaceship, Inc.",12/04/2023 17:00,12/04/2027 17:00,
65cbe35c-89c7-4a80-938a-d6f72b729531,beside.network,available,7.99,,high,low,6,name.com,,,
70c9134b-d96b-48e5-89f5-724b8fc34ea5,disapproval.network,available,7.99,,medium,low,11,name.com,,,
5bb5bc22-a705-42fd-a1e3-3648476afa0c,presently.network,available,7.99,,high,low,9,name.com,,,
84f43c8f-c592-4b4c-8f88-395efb174b1f,siri.network,available,,,high,low,4,,,,
b5a6ba5a-5883-40ce-92cf-4babeb30eda3,nectarous.network,available,6.48,46.98,medium,low,9,namecheap,,,
a1fe222b-e58b-41bb-b987-3b65366cdb66,belarusian.network,available,6.48,46.98,medium,low,10,namecheap,,,09/08/2026 12:32
46681d1e-4294-4d13-b58a-5fc54aba40b3,lxvi.network,available,6.48,46.98,medium,low,4,namecheap,,,
e688cd49-008d-47d9-a3dc-90c14b05b6ae,cheerfully.network,available,7.99,,high,low,10,name.com,,,
c5325baf-603d-42e2-a23b-88e3b74da3fe,duchess.network,available,7.99,,high,low,7,name.com,,,
97a19927-9207-4f25-ac3d-a2b10d5243b4,pot.network,premium,560,1120,high,low,3,namecheap,,,
12007877-a780-4b3c-9a5a-49b6e5ef91b3,sliding.network,available,7.99,,high,low,7,name.com,,,
8b2a9654-b307-4def-b670-66408b38e7eb,anesthetic.network,available,6.48,46.98,high,low,10,namecheap,,,
8bccf904-35d5-4092-89a4-cb2ab64ac954,condiment.network,available,7.99,,high,low,9,name.com,,,
4b99998f-f822-4f56-88b3-6f2b6f4a7653,whichever.network,available,7.99,,medium,low,9,name.com,,,
9b66455b-f0b0-47c5-9be6-62b77dbc0099,abeyant.network,available,6.48,46.98,medium,low,7,namecheap,,,
ce4b7fef-0407-4486-a61b-a7c00faaa289,affirmative.network,available,7.99,,high,low,11,name.com,,,
24069ed1-4593-4be9-a36b-f64ed88aad8a,rhoda.network,available,7.99,,high,low,5,name.com,,,
8e61ba2b-0180-46b0-9cbe-192408c2e0c4,gregor.network,available,7.99,,high,low,6,name.com,,,
852fb133-3bab-4828-a718-4ce6d2a4dcf1,clxv.network,available,6.48,46.98,medium,low,4,namecheap,,,
41da84b8-b597-453b-8da2-f60ac8e6d65f,assistive.network,available,6.48,46.98,medium,low,9,namecheap,,,07/08/2026 06:40
ef839fde-3e92-45c9-a317-e8681ed8e62b,sauce.network,resell,,,high,low,5,"Sav.com, LLC - 9",26/07/2025 15:16,26/07/2027 15:16,20/09/2026 00:33
8acdd9fe-e94d-4407-944d-0a7f66b686cb,bluetooth.network,premium,140,280,high,low,9,namecheap,,,
1fb63801-d4ff-4394-a33b-9b20aa75cc3f,word.network,resell,,,high,low,4,"Spaceship, Inc.",08/08/2023 17:00,08/08/2027 17:00,20/09/2026 15:34
a5167fb4-d52a-4cd7-8bfb-d7b02904ba7a,apolitical.network,available,6.48,46.98,high,low,10,namecheap,,,06/08/2026 02:02
54c5562a-3b21-48e4-8d55-9b62d7dff178,aciculate.network,available,6.48,46.98,medium,low,9,namecheap,,,
7f3c1b49-9f93-4df7-89ae-ab86e2e5b018,antic.network,available,6.48,46.98,high,low,5,namecheap,,,
f01e2ff7-a9bb-451e-ae08-c3a458847310,visited.network,available,7.99,,high,low,7,name.com,,,
40bfee3c-b751-4683-b4d7-8c338d1ccff0,stating.network,available,7.99,,high,low,7,name.com,,,
3c1f9c01-a359-4104-af88-645c139c93f4,flickering.network,available,6.48,46.98,high,low,10,namecheap,,,
275825d4-8ab9-4913-9057-c6171508e654,abatic.network,available,6.48,46.98,medium,low,6,namecheap,,,
51261b50-58cc-499e-a3b9-280a780e44e1,piston.network,available,7.99,,high,low,6,name.com,,,
d1bae8a9-7406-4f1f-8a15-1a7f861734cb,ideally.network,available,7.99,,high,low,7,name.com,,,
9d4b843d-78b5-4848-a20f-21ef225b5ace,lowbrow.network,available,6.48,46.98,medium,low,7,namecheap,,,
71b085ea-423d-43a7-9a3f-99075daf5c0f,shoes.network,resell,,,high,low,5,"Global Domains International, Inc. DBA DomainCostClub.com",05/04/2015 03:12,05/04/2027 03:12,
85bf89a8-6500-426a-af49-ddbad12c44d4,glittering.network,available,6.48,46.98,high,low,10,namecheap,,,
4b6112cc-4cf8-4057-a6af-e3c45805773c,scale.network,resell,,,high,medium,5,Porkbun LLC,13/01/2018 09:51,13/01/2027 09:51,
2568d899-30b3-4e8a-8989-0eb32fde0722,amnionic.network,available,6.48,46.98,medium,low,8,namecheap,,,
c767b12f-a8b1-429c-913b-579ed0a8093e,bankrupt.network,available,6.48,46.98,high,low,8,namecheap,,,08/08/2026 13:29
99316af8-52c0-4bb2-b1e1-7280bc7fb1d9,literal.network,available,7.99,,high,low,7,name.com,,,
1396f8f3-7bdc-48c8-af80-aef023d17e5b,prochoice.network,available,7.99,,high,low,10,name.com,,,
ee581b5a-17c3-45dc-a548-d5adc9daff19,xxxviii.network,available,6.48,46.98,medium,low,7,namecheap,,,
c61bbf92-504a-46ea-ab6f-8691611cdc03,unbearable.network,available,7.99,,medium,low,10,name.com,,,
48798dd3-7cf1-4ec5-ac3c-c317465608db,unnatural.network,available,6.48,46.98,medium,low,9,namecheap,,,
38f67af0-8791-4612-8777-6e11899474ea,baleful.network,available,6.48,46.98,medium,low,7,namecheap,,,08/08/2026 09:39
44f532ca-841b-45c9-a900-d6eded22edc5,monkey.network,resell,,,high,low,6,Squarespace Domains II LLC,25/02/2024 15:15,25/02/2027 15:15,
ead2eadc-634d-4d1b-ae07-bffc49548bc2,ape.network,resell,,,high,low,3,Dynadot Inc,11/09/2016 22:05,11/09/2026 22:05,
2d99293d-60b1-41ba-b3e9-d07bd7077cde,pass.network,resell,,,high,low,4,"NameSilo, LLC",24/01/2018 18:27,24/01/2027 18:27,
e6b7a031-5711-44d1-bc2a-8a61d420f7d5,cookie.network,resell,,,high,low,6,Automattic Inc.,04/07/2022 13:15,04/07/2029 13:15,
d11f1712-d4ad-40be-bb08-0b9fa00d26ba,jenny.network,resell,,,high,low,5,"Sav.com, LLC",15/06/2025 17:30,15/06/2026 17:30,
fd027863-1dd6-4492-bc83-c5ab34b9cf8c,committee.network,available,,,high,low,9,,,,
bb2e405e-cc76-4f25-a3dd-9e5d53f81071,tested.network,available,7.99,,high,low,6,name.com,,,
7e43eb38-7ad6-4d65-b842-8ac918b29be3,satisfied.network,available,7.99,,high,low,9,name.com,,,
88d4d421-40ea-402c-a71b-37abe3aa296a,accessary.network,available,6.48,46.98,medium,low,9,namecheap,,,
8febd274-cb43-4462-baa1-08a65f7d5223,hybrid.network,resell,,,high,low,6,"Sav.com, LLC",25/02/2020 08:21,25/02/2027 08:21,
167121af-1690-46ab-87a3-76d6e90efd20,rake.network,available,7.99,,high,low,4,name.com,,,
6d7dec73-4c2d-4617-b6f1-ae7ff6c949c3,seedy.network,available,6.48,46.98,medium,low,5,namecheap,,,
3777095e-4c06-4f42-89f3-bc6ea7d36b43,monthly.network,available,7.99,,high,low,7,name.com,,,
4d73f149-5e2c-4a39-b55d-0c50ad817a7d,pressing.network,available,7.99,,high,low,8,name.com,,,
14607762-5d0f-4f0a-81f4-1eff3fff193b,formalize.network,available,7.99,,high,low,9,name.com,,,
78a9f53a-ed15-4aa8-9f28-23e1e9e6eb15,inquisitive.network,available,7.99,,high,low,11,name.com,,,
e85bf97f-ca73-42ce-8f4a-912f92085be0,abashed.network,available,6.48,46.98,medium,low,7,namecheap,,,
618ea64b-0f9e-43cd-b376-516b1bc9e539,ballroom.network,available,7.99,,high,low,8,name.com,,,
8e81697c-fd5b-4b0e-a89c-ee143732d12d,laughter.network,available,7.99,,high,low,8,name.com,,,
51d930d8-debd-45e8-b1c2-9b1049138f34,beating.network,available,7.99,,high,low,7,name.com,,,
fee0e8c2-92fc-4967-9f33-32db56442fcb,acentric.network,available,,,medium,low,8,,,,
03351496-e3d7-4700-aaae-62a738d87c20,bossy.network,available,,,high,low,5,,,,
71ed6d9a-4d10-47ea-b761-696c4f11db2f,widowed.network,available,7.99,,medium,low,7,name.com,,,
f5da4b23-d8b6-46ac-8d30-7b1030d4499c,roi.network,resell,,,high,low,3,"Spaceship, Inc.",15/08/2025 15:15,15/08/2027 15:15,20/09/2026 22:23
a7cf8c8a-e864-4681-8ee1-1e9ebaadbf66,than.network,available,7.99,,high,low,4,name.com,,,
40ac8864-6d21-4653-8947-519c42e5cf08,aggregate.network,available,,,high,low,9,,,,
b0d0c75d-f5f6-47f2-88a9-8905955ec46c,club.network,available,,,high,low,4,,,,
eec9b4a4-b23a-4a94-afd6-b3e021abef19,whip.network,resell,,,high,low,4,Porkbun LLC,09/06/2024 00:24,09/06/2026 00:24,
486ca4a9-6bc1-486d-b131-69e2ce8f9290,dickhead.network,available,6.48,46.98,medium,low,8,namecheap,,,08/08/2026 23:34
79a427cf-fbe7-46d0-924a-a5a2e2b3bd1e,except.network,available,7.99,,high,low,6,name.com,,,
f53197b6-0398-4495-ac59-e6d151d45105,rejection.network,available,7.99,,high,low,9,name.com,,,
bcc39745-c338-4aab-b6f1-914b237288ea,plaguey.network,available,6.48,46.98,low,low,7,namecheap,,,
467bae61-44a6-4751-9be5-aea3ce2f886e,wannabee.network,available,6.48,46.98,medium,low,8,namecheap,,,07/08/2026 05:22
794a4d9a-cb99-49ab-a28a-55cc557a59b6,azotic.network,available,6.48,46.98,medium,low,6,namecheap,,,08/08/2026 02:53
16de1c16-c7e5-4ef4-ad47-a71f64dae391,scrubbed.network,available,7.99,,high,low,8,name.com,,,
fff19ccb-ec27-4e07-b28d-19e4eb20243d,affect.network,available,7.99,,high,low,6,name.com,,,
75ba04ad-1851-4627-a223-379929eddeff,ship.network,resell,,,high,low,4,Porkbun LLC,24/05/2018 08:21,24/05/2027 08:21,
7af31461-7fa4-490e-8139-0ce81ff0520f,melancholy.network,available,7.99,,high,low,10,name.com,,,
a5a1dbf2-946b-4fc4-8c44-094f2fc399e5,garret.network,available,6.48,46.98,medium,low,6,namecheap,,,07/08/2026 15:51
9d0da848-ce23-46e7-b65c-03e21c1af357,invented.network,available,7.99,,high,low,8,name.com,,,
f8183790-f317-440f-8e59-cdc631b5688a,abaxial.network,available,6.48,46.98,medium,low,7,namecheap,,,
1c5bac59-ed69-4555-b9ab-65cb6eafae97,seats.network,available,7.99,,high,low,5,name.com,,,
035d0adc-dadc-4366-9e69-56e1c966035b,pronounce.network,available,7.99,,high,low,9,name.com,,,
6bffae1f-710c-45c4-bcd2-8b540cd1b42a,vaccination.network,available,7.99,,high,low,11,name.com,,,
c34bff16-c431-4f50-aabb-1ee32e5c92cb,wikileaks.network,available,7.99,,medium,low,9,name.com,,,
0fd59f4d-7e65-4112-9018-9d549c95d50a,crash.network,resell,,,high,low,5,"Spaceship, Inc.",08/06/2024 15:15,08/06/2026 15:15,
b66eb541-12f0-4864-9377-cbac1bd29981,allow.network,resell,,,high,low,5,Dynadot Inc,20/06/2026 20:35,20/06/2027 20:35,06/08/2026 09:03
1bc8ecba-e667-4330-80b9-b2c6fed266a1,ixl.network,premium,13,26,medium,low,3,namecheap,,,
b742c0e4-8d80-46a4-84c5-19cb911a47bb,nutrient.network,available,6.48,46.98,high,low,8,namecheap,,,08/09/2026 11:42
6525e6e3-42a5-4835-a9ed-b04628289be6,boy.network,premium,140,280,high,low,3,namecheap,,,
953f22d1-e03e-4d4b-a87e-ef827d52dea0,nickelodeon.network,available,7.99,,high,low,11,name.com,,,
21d35791-ac96-42e9-8c11-3f569985f8d7,north.network,resell,,,high,low,5,"Spaceship, Inc.",20/07/2023 15:15,20/07/2027 15:15,19/09/2026 14:44
4bf14c82-542a-4dee-b3e7-a9ce696b5928,verbs.network,available,7.99,,medium,low,5,name.com,,,
99d835a6-3184-4a7c-a16b-968d1876016f,propose.network,available,7.99,,high,low,7,name.com,,,
99c0bb8e-4adc-4771-9e08-b404ff40e6d8,returning.network,available,7.99,,high,low,9,name.com,,,
8b22ed1d-0f1e-4995-b5fd-d24966568e4b,lane.network,resell,,,high,low,4,Dynadot Inc,03/04/2024 13:23,03/04/2027 13:23,
c926de1f-7506-41b7-8aaf-87d62d0f190a,laptop.network,resell,,,high,low,6,Automattic Inc.,05/08/2021 21:42,05/08/2029 21:42,
7a6ee880-03d4-4abf-aa83-fdbb5bc508aa,californian.network,available,7.99,,high,low,11,name.com,,,
b9440b39-3062-4cf0-a5ac-b1f5e0eb13ae,adonic.network,available,6.48,46.98,medium,low,6,namecheap,,,
39cdf872-5904-4af6-94f9-e6359248ead0,aerobiotic.network,available,6.48,46.98,medium,low,10,namecheap,,,
ccf325f2-d8bb-455f-9d38-7d8fda1b12a2,tie.network,available,,,high,low,3,,,,
9c2697c4-1140-4775-9540-48b878a84439,amharic.network,available,6.48,46.98,medium,low,7,namecheap,,,
b10d4b78-738e-4d44-956b-19f9c6280ba3,are.network,premium,140,280,high,low,3,namecheap,,,
87804454-7d68-4b01-95ae-814acd6ca66e,psychologist.network,premium,23.1,46.2,high,low,12,namecheap,,,
7998ff27-1ecf-438b-902b-3affade5b190,anabatic.network,available,6.48,46.98,medium,low,8,namecheap,,,
e297a6e1-c0b3-4159-a9ef-af2ec611dc17,opposable.network,available,6.48,46.98,medium,low,9,namecheap,,,06/08/2026 07:43
8ed5afc1-82b6-4526-9311-ce0ace5d426b,ablated.network,available,6.48,46.98,medium,low,7,namecheap,,,
e1411c21-a9da-4c3d-8a10-f1402daaabd6,accrued.network,available,6.48,46.98,high,low,7,namecheap,,,
fd7a8b21-e0cd-4a14-a05e-40af756af0a6,cheeses.network,available,7.99,,high,low,7,name.com,,,
c90056a0-de32-4c3c-acbe-df54c43a11c7,bay.network,resell,,,high,low,3,Dynadot Inc,16/05/2022 06:26,16/05/2027 06:26,09/08/2026 02:26
e5d0c947-4420-4172-aa40-6e5647a0f324,roll.network,resell,,,high,low,4,Dynadot Inc,02/07/2021 20:54,02/07/2027 20:54,17/09/2026 10:49
138a1fb5-b043-4cda-9eac-c1161f160d88,corking.network,available,6.48,46.98,high,low,7,namecheap,,,08/08/2026 12:20
ac7200ff-e63c-4145-8c21-fdb7131afa99,doubter.network,available,6.48,46.98,medium,low,7,namecheap,,,
583c975c-8483-40b1-b4ca-9a150df8df8d,apnoeic.network,available,6.48,46.98,medium,low,7,namecheap,,,06/08/2026 00:46
0aaa2bcb-3d25-4c5b-9036-2034c368928e,pretend.network,available,7.99,,high,low,7,name.com,,,
e9387b8e-e239-4eaf-abbb-7fcaa15298d2,bicycle.network,resell,,,high,low,7,"Spaceship, Inc.",16/05/2023 17:00,16/05/2027 17:00,24/09/2026 07:08
76ed7b61-b10d-4217-877d-a78e162f67d2,hit.network,resell,,,high,low,3,"Global Domains International, Inc. DBA DomainCostClub.com",11/07/2024 15:15,11/07/2027 15:15,18/09/2026 03:21
12388e79-fccc-411d-8ef4-b1317b30858c,sixtieth.network,available,6.48,46.98,high,low,8,namecheap,,,
ed9a741f-020d-4910-9db8-397d606e9699,him.network,premium,14,28,high,low,3,namecheap,,,
1b5c601e-ffd5-4bf7-a633-74ac7f4c8c98,amuck.network,available,6.48,46.98,medium,low,5,namecheap,,,
6a9805d5-7d2e-4359-8468-7726db3ec20f,wordplay.network,available,7.99,,high,low,9,name.com,,,
a4f68553-cae0-4004-997c-ef3af619aa19,chesty.network,available,6.48,46.98,medium,low,6,namecheap,,,06/08/2026 22:08
a4c6d67b-e5b8-4e17-a1c1-c08e522759c0,barky.network,available,6.48,46.98,medium,low,5,namecheap,,,08/08/2026 19:46
33cc169d-4e61-412f-956e-07a8eda2dfdc,basically.network,available,7.99,,high,low,9,name.com,,,
7aa79b07-c070-4c05-8537-847755fa4871,xxxvii.network,available,6.48,46.98,medium,low,6,namecheap,,,
b6bebcf7-c756-4c71-8884-dc04b123c043,senescent.network,available,6.48,46.98,medium,low,9,namecheap,,,
89073069-4738-4583-ab1a-470404a49bbd,antipodean.network,available,6.48,46.98,medium,low,10,namecheap,,,
a3704a31-b2ee-494b-a1f8-22ae75a3cd65,trace.network,resell,,,high,low,5,"Spaceship, Inc.",09/03/2025 15:15,09/03/2027 15:15,
b0c873c1-724d-407e-8a6a-a4020560a36d,wrongful.network,available,7.99,,medium,low,8,name.com,,,
14644b77-0072-4d4a-8637-98c4d8f34f4e,defense.network,resell,,,high,low,7,"Spaceship, Inc.",11/12/2014 03:27,11/12/2026 03:27,
cf609c9b-7552-4da1-9dcf-f29efc31a38f,perfected.network,available,7.99,,high,low,9,name.com,,,
613cc2d7-bd39-4308-b679-96446477b624,asinine.network,available,6.48,46.98,low,low,7,namecheap,,,07/08/2026 02:35
ec3a620a-19a4-4438-b505-9e390a2b8de1,acoustic.network,available,6.48,46.98,high,low,8,namecheap,,,
ba8a567b-4cd6-49f4-aafb-c5205ab6e7c7,barter.network,resell,,,high,low,6,Dynadot Inc,12/02/2023 17:41,12/02/2027 17:41,
83716f31-8efe-42a1-9205-caeea87b995f,gore.network,available,7.99,,medium,low,4,name.com,,,
3586d140-b456-4fbf-a5ac-ba1a19066700,upstairs.network,available,7.99,,high,low,8,name.com,,,
672a0c45-6d26-41ce-8111-5fa669473d93,bareback.network,available,6.48,46.98,medium,low,8,namecheap,,,08/08/2026 18:38
8baa8091-9fff-4789-9ea4-fb7c6b9d0429,pledged.network,available,7.99,,high,low,7,name.com,,,
3ef0fd80-bf59-4043-b947-322789228841,supersize.network,available,7.99,,high,low,9,name.com,,,
a3881472-62f8-468d-8b5c-d9f773fa56f5,diversity.network,resell,,,high,low,9,Porkbun LLC,07/04/2024 19:14,07/04/2027 19:14,
21f7a183-d6ab-4188-bfe8-aeba88a32a11,teammate.network,available,7.99,,high,low,8,name.com,,,
5be6a710-b53c-4ab8-aa73-9ff64022aac1,despotic.network,available,6.48,46.98,medium,low,8,namecheap,,,07/08/2026 18:58
9169d3b5-01d9-4325-8cb0-a895ae9cbcdc,erupt.network,available,7.99,,high,low,5,name.com,,,
0352a5e3-7328-4030-ae02-3e750d7b540e,grandchild.network,available,7.99,,high,low,10,name.com,,,
68bed784-7dc7-466b-b0bf-1a1dc3b72ef9,dislike.network,available,7.99,,high,low,7,name.com,,,
d5af47cf-9e2c-4939-9e56-553359b6863a,neverending.network,available,7.99,,high,low,12,name.com,,,
6785b3fd-e36a-4cfb-ae1a-32c42d7dedfe,oneself.network,available,7.99,,high,low,7,name.com,,,
5707602c-6f66-457b-88d2-931464d002a0,accommodate.network,available,7.99,,high,low,11,name.com,,,
0c5203b3-bdeb-4bfd-9b97-04f67ded6baa,underestimate.network,available,7.99,,high,low,13,name.com,,,
dd46a621-ce37-4d8a-9e20-e4dd03dfcc72,amylaceous.network,available,6.48,46.98,medium,low,10,namecheap,,,
34cc7237-f858-4163-9cb7-4188d927b210,grouping.network,available,7.99,,high,low,8,name.com,,,
e6dd61fb-f37d-4aa3-93dc-a6fbe53c7d8a,mushy.network,available,6.48,46.98,medium,low,5,namecheap,,,09/08/2026 00:58
27cb1509-c31f-4ab2-a891-1901f7c65160,resultant.network,available,6.48,46.98,high,low,9,namecheap,,,
3e6fc94f-9179-4985-8d94-b1bf568b1907,cock.network,premium,7.99,,high,low,4,name.com,,,
cf31a3e6-0774-4f7d-b373-1c48004a9c50,year.network,available,7.99,,high,low,4,name.com,,,
eec040c0-20d6-45ce-a68a-f288af301bfc,atavistic.network,available,6.48,46.98,low,low,9,namecheap,,,07/08/2026 12:55
3320606f-639d-44b2-a0c7-b128f2bdbef0,marine.network,premium,21.45,42.9,high,low,6,namecheap,,,
79df2bc6-d2d3-4602-8eba-c3058e25c674,distinction.network,available,7.99,,high,low,11,name.com,,,
3ec96ab8-5e5e-479c-8e0c-dcdf9f52f375,slanting.network,available,6.48,46.98,medium,low,8,namecheap,,,07/08/2026 04:20
4a8156ae-bf50-4ce8-9ef2-8889f4f8463f,youre.network,premium,140,280,medium,low,5,namecheap,,,
d3b75009-7a99-44db-8cea-11a53d172579,addressed.network,available,6.48,46.98,high,low,9,namecheap,,,
e47ba463-9fcb-4d12-86f7-0a8ed388209a,frog.network,resell,,,high,low,4,Dynadot Inc,29/12/2018 17:16,29/12/2026 17:16,05/08/2026 21:03
2110268a-d1d3-4849-9657-c6031a19a04c,written.network,available,7.99,,high,low,7,name.com,,,
f9a40f49-fc51-4287-bbaf-17ae37524cce,actually.network,available,7.99,,high,low,8,name.com,,,
72cb8db7-6848-454b-bc6e-f439f638919c,began.network,available,7.99,,medium,low,5,name.com,,,
b0666d79-91a9-4b93-ad08-57cf0c37d6ae,import.network,resell,,,high,low,6,Squarespace Domains II LLC,03/08/2022 09:14,03/08/2027 09:14,20/09/2026 10:56
103243c5-26a0-4867-bdd8-3ab4a6a92fec,groundless.network,available,6.48,46.98,medium,low,10,namecheap,,,08/08/2026 21:49
d04440e7-c455-417a-ba59-943134bc0c69,glinting.network,available,6.48,46.98,high,low,8,namecheap,,,
501735e0-fb32-41c5-9fc8-f7d8557cb481,recorded.network,available,7.99,,high,low,8,name.com,,,
ad4104f7-8710-4369-8230-a076e4eafe8a,pirate.network,resell,,,high,low,6,Porkbun LLC,21/05/2021 16:10,21/05/2027 16:10,
30581b4e-525c-4144-8f2b-7fb77462b423,shopworn.network,available,6.48,46.98,low,low,8,namecheap,,,08/08/2026 11:06
c7e61a52-8ec9-40e4-b9c1-384f41b6fe7d,hardly.network,available,7.99,,high,low,6,name.com,,,
c8d7910a-d491-405d-b2ca-1773dc784780,bunch.network,available,7.99,,high,low,5,name.com,,,
b0d0e86e-2474-4c0d-b4c4-eb9cbd8af698,vocal.network,resell,,,high,low,5,"Sav.com, LLC - 38",21/10/2025 15:15,21/10/2026 15:15,
7f516ac4-8470-4d7c-ada9-cec32c27aca3,ablative.network,available,6.48,46.98,medium,low,8,namecheap,,,
6144c355-c45d-442d-825a-7837fe637332,appalled.network,available,6.48,46.98,medium,low,8,namecheap,,,
f0a2d3e9-57cc-4643-bcff-a1b33065af58,ally.network,available,,,high,low,4,,,,
d2dddd3c-8fd8-4836-b5a3-627a346095d4,ataxic.network,available,6.48,46.98,low,low,6,namecheap,,,07/08/2026 12:32
1acd8cf5-92c3-4ce4-9d61-8be01aa632c3,whacky.network,available,6.48,46.98,medium,low,6,namecheap,,,06/08/2026 21:32
c771721b-269e-4a22-b445-0f7e55b5f037,aboveboard.network,available,6.48,46.98,high,low,10,namecheap,,,
12fcdea2-fd09-4954-9ccb-097cfd4c985a,probably.network,available,7.99,,high,low,8,name.com,,,
d3dbb496-6fe9-4906-94a2-a237b7dca347,cast.network,resell,,,high,low,4,Porkbun LLC,19/10/2019 16:41,19/10/2026 16:41,
589cb64a-d563-4e75-a1e5-a567a929397a,asymmetric.network,available,,,medium,low,10,,,,
23018614-5000-413e-84e3-9b9349755df1,hero.network,resell,,,high,medium,4,Dynadot Inc,28/07/2024 15:15,28/07/2027 15:15,20/09/2026 02:36
7f372342-5e12-4b63-8240-5fe2d6c2aa56,hell.network,resell,,,high,low,4,"Sav.com, LLC - 21",24/09/2025 17:00,24/09/2026 17:00,
b90a5b2e-c705-455f-a53e-871f21f3264f,ruled.network,available,7.99,,high,low,5,name.com,,,
a963fca4-a770-49c9-a6ae-3d3b86b0b0ac,maledict.network,available,6.48,46.98,low,low,8,namecheap,,,
d22c4384-d29e-463e-80fc-64f3553cd4c9,rely.network,resell,,,high,low,4,Porkbun LLC,09/06/2024 00:24,09/06/2026 00:24,
4b930e48-c3f0-4ccb-9a08-d0dafa2a6c6c,whitefish.network,available,7.99,,high,low,10,name.com,,,
418b5ae9-6c79-46f8-89f0-7db4f0d3fc01,detection.network,available,7.99,,high,low,9,name.com,,,
8b20e67a-00de-4b7f-9b25-dade36ae1f52,lookout.network,available,,,high,low,7,,,,
c7dd2a97-7602-4932-a8c0-16087776dd57,yearly.network,available,7.99,,high,low,6,name.com,,,
84fd5f75-dbdd-45a2-85ae-b4607a86aab3,angled.network,available,6.48,46.98,high,low,6,namecheap,,,
57b83ff0-5cbb-4804-93a7-433fedef333a,secondly.network,available,7.99,,medium,low,8,name.com,,,
900a80d5-ffbf-4170-96e8-563ffe12b125,entirely.network,available,6.48,46.98,high,low,8,namecheap,,,
46a6ef85-1ed8-4454-a8e7-bad5b0accbc5,squinty.network,available,6.48,46.98,medium,low,7,namecheap,,,07/08/2026 03:20
a916e4f2-8ee6-4cf6-a5af-a1987c0e27e5,aground.network,available,6.48,46.98,medium,low,7,namecheap,,,
4b5304d2-15ec-466c-8a5b-cb285664a0fc,regular.network,available,7.99,,high,low,7,name.com,,,
096e1830-9e5c-4bae-81c0-a8e6c3edf879,lemon.network,resell,,,high,medium,5,Dynadot Inc,15/09/2023 15:15,15/09/2026 15:15,
4a73a3ed-6e48-4e94-9666-6b79448dc04f,facetious.network,available,6.48,46.98,medium,low,9,namecheap,,,08/08/2026 14:39
59913c62-1083-486f-9f4a-febb9d9b613d,advertised.network,available,6.48,46.98,high,low,10,namecheap,,,
72722497-a6c9-4c4d-b8ab-e7234b4ed9ed,antiviral.network,available,6.48,46.98,high,low,9,namecheap,,,05/08/2026 20:06
f4db1dd7-b9f9-4ccb-bd0f-a1826a07b6ff,apologise.network,available,7.99,,high,low,9,name.com,,,
ba2432a7-4471-4bbd-83dd-7557c1aabe67,stain.network,available,7.99,,high,low,5,name.com,,,
528690fb-0848-4fbe-84f1-8e6d41f903e3,players.network,resell,,,high,low,7,Squarespace Domains II LLC,09/03/2021 12:06,09/03/2027 12:06,
a8496a28-bdd3-40f4-952f-134029338a67,rage.network,resell,,,high,low,4,"Global Domains International, Inc. DBA DomainCostClub.com",11/01/2026 15:16,11/01/2027 15:16,
49cef08f-c7dc-4fe4-b1da-357d2bf62287,lxxi.network,available,6.48,46.98,medium,low,4,namecheap,,,
a56384fb-dbb8-4afd-a0ca-4cca60f681c4,recipient.network,available,7.99,,high,low,9,name.com,,,
3dc835a2-0fb0-456e-a315-92b224382f4c,nearly.network,available,7.99,,high,low,6,name.com,,,
2d93b438-2344-4da9-9001-36180ff253de,extensive.network,available,6.48,46.98,high,low,9,namecheap,,,
dfeefb78-af46-450f-958d-a17d694620c5,judgment.network,available,7.99,,high,low,8,name.com,,,
2de08d97-6151-42c0-ae24-9337a2684bb0,spidery.network,available,6.48,46.98,medium,low,7,namecheap,,,06/08/2026 11:46
86e7fb95-69c1-4de9-9337-e57e09705611,discard.network,available,7.99,,high,low,7,name.com,,,
f4438cbf-aeee-480e-a452-a30cce6f0534,spurious.network,available,6.48,46.98,medium,low,8,namecheap,,,09/08/2026 00:03
47c0627c-88dd-48ff-80eb-d49248af3b70,antitrust.network,available,6.48,46.98,high,low,9,namecheap,,,
bf10410b-345c-4cbd-b0b3-297a6c1e9ac9,feet.network,resell,,,high,low,4,"Sav.com, LLC - 33",31/12/2025 15:15,31/12/2026 15:15,
42500491-0a3d-49b2-88aa-2b11d42a5517,nokia.network,available,,,high,low,5,,,,
214f06e7-ee5a-4375-9071-783ea482c9b0,spotify.network,available,,,high,low,7,,,,
76ae350b-e509-4a85-87af-e3dd86f92927,carefully.network,available,7.99,,high,low,9,name.com,,,
3a384f0e-2896-46a0-8f4b-9696d6cc5125,notion.network,resell,,,high,low,6,Dynadot Inc,17/06/2023 19:39,17/06/2026 19:39,
84e93c53-bee1-4f59-aa62-440f5662aa76,propagated.network,available,7.99,,medium,low,10,name.com,,,
237c4e73-1087-43c9-bca0-5a1636f0a64d,pool.network,resell,,,high,low,4,"NameSilo, LLC",15/05/2022 13:15,15/05/2027 13:15,
3281ef47-a5bd-46d5-950e-946656a95cff,moderator.network,available,7.99,,high,low,9,name.com,,,
45efae33-9c52-4194-b722-10d1c1fcead5,economically.network,available,7.99,,medium,low,12,name.com,,,
7e86d7e6-8ad9-473c-8ab7-367fd7b31c88,flak.network,available,6.48,46.98,medium,low,4,namecheap,,,
c0655645-057e-4b13-8102-a6ad47e34b5a,xxvii.network,available,6.48,46.98,medium,low,5,namecheap,,,
d00fb22c-321c-4213-a1d1-e19ee6f3e742,resort.network,resell,,,high,low,6,"Spaceship, Inc.",07/09/2022 15:13,07/09/2026 15:13,
4c890e08-1b20-4d8d-aff2-8654f709ba0e,diploma.network,available,7.99,,high,low,7,name.com,,,
af399792-fd23-4aa9-a140-b30642110948,slope.network,available,7.99,,high,low,5,name.com,,,
f0fb1561-8f1d-4764-970b-bd4dd58e0689,backside.network,available,6.48,46.98,medium,low,8,namecheap,,,09/08/2026 10:44
a508ae64-1eeb-423c-a612-3f4cf4afd828,pointy.network,available,7.99,,high,low,6,name.com,,,
6bd332e0-6cb9-40b4-89bd-be44ddbcc389,month.network,available,7.99,,high,low,5,name.com,,,
f038f0f9-0558-4700-af75-428f30535b90,cxxv.network,available,6.48,46.98,medium,low,4,namecheap,,,
51242080-ba6e-4288-8c69-b28134ff1a11,soppy.network,available,6.48,46.98,medium,low,5,namecheap,,,09/08/2026 01:14
a7395509-2cfe-4c7a-98c5-606cd1136877,technique.network,resell,,,high,low,9,"Sav.com, LLC",26/11/2025 21:40,26/11/2026 21:40,
39076f2b-243e-4193-a62a-bf239a46e79e,planless.network,available,6.48,46.98,medium,low,8,namecheap,,,
cf286924-cca3-4399-bd64-409f85a67b94,antitank.network,available,6.48,46.98,medium,low,8,namecheap,,,05/08/2026 19:44
5cb8a6ea-4a4e-46db-8d56-fef07968b4d2,land.network,resell,,,high,low,4,Dynadot Inc,15/09/2019 04:25,15/09/2026 04:25,
9691d571-1588-4462-b131-3a33e5f06f85,modesty.network,available,7.99,,high,low,7,name.com,,,
3af97b4f-3b39-432e-b340-7bf2218670ac,shears.network,available,7.99,,high,low,6,name.com,,,
6ee7c4fd-dfce-48a9-875a-b5d089c9635c,xlvii.network,available,6.48,46.98,medium,low,5,namecheap,,,
15e10c67-ec23-40e9-b261-937f956d57cd,afterwards.network,available,6.48,46.98,medium,low,10,namecheap,,,
20d088db-fc48-48bf-bbe8-219213625041,debase.network,available,6.48,46.98,medium,low,6,namecheap,,,
bbfffae2-5d63-4542-bbef-744f5c5fcb58,leia.network,available,7.99,,high,low,4,name.com,,,
6ff914e9-f3a4-4f8a-8cf3-4fd223ab71d5,passionate.network,available,7.99,,high,low,10,name.com,,,
80b66b5c-18f5-4720-bcff-ba88899cc47f,acrid.network,available,6.48,46.98,medium,low,5,namecheap,,,
4801ae2b-a3a1-43d8-b92d-43f41ac73081,nature.network,resell,,,high,low,6,"Spaceship, Inc.",06/07/2023 15:15,06/07/2027 15:15,08/09/2026 02:43
a296b619-57c7-428b-978a-5a5bb3116aab,relation.network,resell,,,high,low,8,Dynadot Inc,10/08/2024 17:36,10/08/2027 17:36,20/09/2026 17:25
e88cce3a-47f6-4454-ac61-91deee857161,sise.network,available,6.48,46.98,medium,low,4,namecheap,,,
f46c2c79-b5cb-47c4-9d16-4e1bbc55250d,equally.network,available,7.99,,high,low,7,name.com,,,
8cdeab4a-e1d4-4f52-8b1e-14cb02e34ba8,democrat.network,premium,140,280,high,low,8,namecheap,,,
91e22aca-b525-4b43-b666-53973fca2e8f,comely.network,available,6.48,46.98,medium,low,6,namecheap,,,09/08/2026 06:13
4a318c30-1c08-4d78-ae09-511ef87a665c,fucksome.network,available,7.99,,low,low,8,name.com,,,
59acb3ca-f8df-407d-901b-afa1d25b356b,xxxi.network,available,6.48,46.98,high,low,4,namecheap,,,
fddb1ca0-f257-460e-8726-1cede4cfe33f,apathetic.network,available,6.48,46.98,medium,low,9,namecheap,,,05/08/2026 22:04
bf3e3792-1762-4d69-a7ae-55036498d70b,however.network,available,7.99,,high,low,7,name.com,,,
9ccf5251-6321-40bf-8443-9da1ac2de07b,verse.network,resell,,,high,low,5,Dynadot Inc,19/12/2021 13:15,19/12/2026 13:15,
82ab200e-abe4-4f07-859d-1fb58692bfe2,anaclitic.network,available,6.48,46.98,medium,low,9,namecheap,,,
ebbf32c1-c3ca-4e3b-870f-4497be338511,octad.network,available,6.48,46.98,medium,low,5,namecheap,,,
a8f65a00-3f15-4724-bc85-c3b56e28fa7f,saucer.network,available,7.99,,high,low,6,name.com,,,
df1aa66e-5d9f-4761-a40a-15670e944227,strapping.network,available,6.48,46.98,high,low,9,namecheap,,,09/08/2026 08:02
d138ea93-7e66-487d-9af2-3a1a6dfdc6fe,swell.network,resell,,,high,low,5,"Sav.com, LLC - 2",16/11/2024 17:00,16/11/2026 17:00,08/08/2026 12:50
397ef1f9-5916-4b58-88f3-e4972c86102e,shove.network,available,7.99,,high,low,5,name.com,,,
3cb1a756-cb12-4623-a1e0-390436420219,ideal.network,available,,,high,low,5,,,,
83cf2f7c-040d-4a0b-9f69-b367bb9f1fdd,wow.network,resell,,,high,medium,3,"Spaceship, Inc.",10/02/2022 13:15,10/02/2027 13:15,
5e8f99a8-2f64-4c59-94ad-d84833c13be2,chase.network,available,,,high,low,5,,,,
ed0ff2b8-7ae5-4f05-859a-b72170c66f0c,stock.network,available,,,high,low,5,,,,
44ca6dfb-f75c-4e24-bff5-ff2ce667442d,xlvi.network,available,6.48,46.98,medium,low,4,namecheap,,,
09d1209d-4dab-4404-9ad8-89a47c8cfb8c,needle.network,resell,,,high,low,6,Porkbun LLC,09/06/2024 00:24,09/06/2026 00:24,
e44ac455-d526-4506-a5e7-9ae0a3ab4118,baseball.network,resell,,,high,low,8,"GoDaddy.com, LLC",08/12/2014 18:03,08/12/2026 18:03,
7dbbc1b8-fe0b-4835-b392-a8575394e1cd,axile.network,available,6.48,46.98,medium,low,5,namecheap,,,08/08/2026 01:56
2da3a37d-19ee-49b9-9120-91f6896ba688,mere.network,available,7.99,,high,low,4,name.com,,,
3c82ae77-605b-4c48-99be-b2a92369a615,luncheon.network,available,7.99,,high,low,8,name.com,,,
0dea422e-a87e-4f89-9245-ed11d31e9601,saler.network,available,7.99,,medium,low,5,name.com,,,
8f36078c-b778-41b5-80ec-9acef5c3f043,idiom.network,available,7.99,,high,low,5,name.com,,,
5adb325f-26dc-4b65-b831-1c5658e637b1,passcode.network,available,7.99,,high,low,8,name.com,,,
1578ae2f-c8ec-4848-afa3-980dd63912a6,theft.network,available,6.48,46.98,high,low,5,namecheap,,,08/09/2026 07:55
414c674a-868f-4026-96dc-b77e85e1cbe8,departure.network,available,6.48,46.98,high,low,9,namecheap,,,08/09/2026 12:08
abb72f70-bf54-47d9-afe1-a7dac028d940,parliamentary.network,available,7.99,,medium,low,13,name.com,,,
0384afaa-a5c2-4461-8690-c9d7296a5d50,undeveloped.network,available,7.99,,high,low,11,name.com,,,
05d04031-5054-471b-874c-d8890fb91d62,skill.network,resell,,,high,medium,5,"GoDaddy.com, LLC",11/04/2017 19:34,11/04/2027 19:34,
185a2619-cd0f-4982-90e5-7d4a7986f5e1,ended.network,available,6.48,46.98,high,low,5,namecheap,,,
9f4679db-27a2-4bc1-aae1-e7e023ca2d60,admiration.network,available,7.99,,high,low,10,name.com,,,
7782feeb-0dc8-43d4-8d5d-786eb25bbe49,soup.network,resell,,,high,low,4,"Global Domains International, Inc. DBA DomainCostClub.com",07/04/2017 18:31,07/04/2027 18:31,
798f6ba0-1086-4ce8-af14-fa9e38bbd41c,hatred.network,available,7.99,,medium,low,6,name.com,,,
80665bac-f93b-4931-b6ad-f1eaf561db15,tune.network,resell,,,high,low,4,Dynadot Inc,07/01/2025 17:00,07/01/2027 17:00,
93a807f4-e60d-4101-b100-067596802876,grueling.network,available,6.48,46.98,high,low,8,namecheap,,,06/08/2026 16:45
cfce6d99-25ed-440d-ba7e-3973c0de008c,lie.network,premium,14,28,high,low,3,namecheap,,,
e39c0bbd-7433-4760-8981-2bfc3341207e,informally.network,available,7.99,,medium,low,10,name.com,,,
e6c61985-2dcd-4f78-af6f-7510d93ae094,hand.network,resell,,,high,low,4,"Sav.com, LLC",28/12/2024 17:11,28/12/2026 17:11,
9d11fd84-ff2e-4609-bfb1-a9a7aeb54db5,sag.network,premium,14,28,high,low,3,namecheap,,,
295b28a2-1987-4573-8402-01546839409e,ventral.network,available,6.48,46.98,high,low,7,namecheap,,,
a5b4ceb3-0ea7-4f03-8f97-652e3ab37812,branch.network,resell,,,high,low,6,Dynadot Inc,27/05/2025 19:45,27/05/2027 19:45,24/09/2026 07:18
d02a1741-3782-4ab3-888f-adcde6574a9e,agnate.network,available,6.48,46.98,medium,low,6,namecheap,,,
f020e7ff-84b8-4c97-a71e-f98826159df0,purchase.network,available,7.99,,high,low,8,name.com,,,
641f0e4c-2848-48ba-8af1-ab5162b9921c,rep.network,resell,,,high,low,3,Dynadot Inc,24/08/2021 07:55,24/08/2027 07:55,22/09/2026 10:13
36cf3374-712d-4826-9b21-c8e4b71bf288,sue.network,premium,14,28,high,low,3,namecheap,,,
f32707b2-127f-4a4a-b8c0-6ffeb95adc68,anodal.network,available,6.48,46.98,medium,low,6,namecheap,,,
9a4d4715-0488-4d4b-8851-4865e254a4e6,bruce.network,available,7.99,,high,low,5,name.com,,,
32444eb7-00eb-4e73-b65b-ddd260bbea05,algebraic.network,available,6.48,46.98,high,low,9,namecheap,,,
a023a795-898d-422a-8ae6-74b7049029db,tug.network,premium,14,28,high,low,3,namecheap,,,
5baa3e47-2102-4fe5-b17d-94c94bed55fb,daytime.network,available,7.99,,high,low,7,name.com,,,
c24094fc-6cef-4a35-89c5-fa718d8e5f33,explorer.network,resell,,,high,low,8,"Spaceship, Inc.",08/08/2025 15:15,08/08/2027 15:15,20/09/2026 15:21
38c2d719-db59-4adb-8dab-c05bd0f3458d,sharply.network,available,7.99,,medium,low,7,name.com,,,
e136ff1f-0798-4f42-a722-7fd82832aaf5,definitely.network,resell,,,high,low,10,"Sav.com, LLC",15/06/2025 15:16,15/06/2026 15:16,
7db17bf9-f3a9-4150-8d45-ccf1624c1981,arcane.network,resell,,,high,low,6,"Global Domains International, Inc. DBA DomainCostClub.com",11/12/2014 08:27,11/12/2025 08:27,
0e8d461b-b699-4e40-8d3e-875c88484105,alienable.network,available,6.48,46.98,medium,low,9,namecheap,,,
63cf331d-1483-45f4-bb81-409db37fd473,pestering.network,available,6.48,46.98,medium,low,9,namecheap,,,
89bc1b15-deeb-4910-834c-1bd7f3be4fe2,santa.network,resell,,,high,low,5,"Sav.com, LLC",08/06/2019 18:52,08/06/2026 18:52,
68708f23-72c0-4823-b622-c05535592ab7,psycho.network,available,7.99,,high,low,6,name.com,,,
6cdff68d-54fa-4eca-8bea-98fae177deb4,pittsburgh.network,premium,140,280,high,low,10,namecheap,,,
94ce8def-0faf-4e59-bb51-321116ea7415,somewhat.network,available,7.99,,high,low,8,name.com,,,
da2ef9d4-05c5-413a-a32b-77f1fcdb5bac,beatific.network,available,6.48,46.98,high,low,8,namecheap,,,
1d03965b-dd65-453e-a3aa-7bca76a7c274,perforation.network,available,7.99,,high,low,11,name.com,,,
f4e28452-7fe5-40ef-a0d0-e9017c9b42c2,often.network,available,7.99,,high,low,5,name.com,,,
f84e016a-c068-4706-a860-dd9a262b2045,sheraton.network,available,,,high,low,8,,,,
06a71cf5-3808-4a7b-8a39-41543a27b376,appreciate.network,available,7.99,,high,low,10,name.com,,,
4589802c-9c3c-4997-b5a9-b90c44a30415,cxx.network,premium,13,26,high,low,3,namecheap,,,
50e9fce3-70cc-40b4-a3d3-e6a7f1b4be3f,emotion.network,resell,,,high,low,7,"Global Domains International, Inc. DBA DomainCostClub.com",04/09/2024 15:15,04/09/2027 15:15,24/09/2026 02:51
271706be-b243-4d00-85a1-8d81dbe3d078,september.network,available,7.99,,high,low,9,name.com,,,
7125a817-32f3-45cd-97ef-2f79e59257f7,sensor.network,resell,,,high,low,6,GoDaddy Online Services Cayman Islands Ltd.,10/12/2014 16:10,10/12/2026 16:10,
0e7cc434-9545-40a0-be8e-ca50106b2867,barmy.network,available,6.48,46.98,medium,low,5,namecheap,,,06/08/2026 20:25
273c6036-ac1d-4098-b99a-39859722b3e5,slanted.network,available,6.48,46.98,medium,low,7,namecheap,,,07/08/2026 04:15
b528f017-d96f-4606-a502-b1e34569c9ce,wore.network,available,7.99,,medium,low,4,name.com,,,
0e3794a1-cf5a-4504-a978-a3947dd6a6cf,laziness.network,available,7.99,,medium,low,8,name.com,,,
82746bbd-8591-4365-b72f-d46ec0a004fa,ascendent.network,available,6.48,46.98,medium,low,9,namecheap,,,
a5df7668-d87a-4750-a7d7-8577791bb08d,worsening.network,available,7.99,,medium,low,9,name.com,,,
525ed2c1-5595-4286-afc0-bc33b3a68f93,airless.network,available,6.48,46.98,medium,low,7,namecheap,,,
681544e9-787f-41ab-8585-09526627ba76,should.network,available,7.99,,high,low,6,name.com,,,
c80293db-687d-4658-bd39-c84a7c7647f7,riled.network,available,6.48,46.98,medium,low,5,namecheap,,,
33aca225-73e2-4885-a593-eb7b65c65da1,algal.network,available,6.48,46.98,high,low,5,namecheap,,,
c18c084a-b014-48a8-84b6-3c1ecb681864,estimate.network,premium,14,28,high,low,8,namecheap,,,
5dd16047-6acf-428d-aa8d-1b08f3b83a31,searching.network,available,7.99,,high,low,9,name.com,,,
d4814322-4b19-4203-9c06-cc650119f531,negotiate.network,premium,14,28,high,low,9,namecheap,,,
1445f7e6-c7fd-4ea6-b092-19ffc23a903f,stemless.network,available,6.48,46.98,medium,low,8,namecheap,,,
03654508-1d73-4536-8f63-033bb93cebd3,longer.network,available,7.99,,high,low,6,name.com,,,
b7a034ec-cfa9-43a3-9ab4-35e26c174994,bardic.network,available,6.48,46.98,medium,low,6,namecheap,,,08/08/2026 18:00
b4d12106-4e6d-4f32-833d-8de2d719cf3f,mcmuffin.network,available,7.99,,high,low,8,name.com,,,
e8ae0b59-18bc-4409-b81f-79cd1930a7d9,vibrate.network,available,7.99,,high,low,7,name.com,,,
3fc17551-823c-43b0-a34d-b8eb02ce5eb1,respectively.network,available,7.99,,medium,low,12,name.com,,,
eab9827e-0f7a-4d9b-aea5-40da6058f843,minor.network,available,7.99,,high,low,5,name.com,,,
89b417e2-6dbd-4b8d-8214-abb33b62390f,exit.network,resell,,,high,low,4,Squarespace Domains II LLC,09/03/2022 13:15,09/03/2027 13:15,
e990c50e-2e95-4916-9e4c-61faf91a2d5a,sore.network,available,6.48,46.98,high,low,4,namecheap,,,
59a7feff-de84-479a-8f5f-4def771b0c06,roads.network,available,7.99,,high,low,5,name.com,,,
804a0d0c-36d4-441f-a97e-b3648b278176,lambent.network,available,6.48,46.98,medium,low,7,namecheap,,,
724772d4-4f4e-452b-999b-170b9aaa00bc,greet.network,premium,14,28,high,low,5,namecheap,,,
548452a9-0bc1-4b69-92ee-1d598fa34481,variety.network,resell,,,high,low,7,"Sav.com, LLC",14/10/2025 11:18,14/10/2026 11:18,
3c0ece4c-5867-4d70-aa6c-742ee386777e,thursday.network,available,7.99,,high,low,8,name.com,,,
80d87b30-8520-4f89-a812-cfb7798a3207,inane.network,available,6.48,46.98,medium,low,5,namecheap,,,07/08/2026 02:43
f25d86dd-1ced-4c30-8d20-02c6ea86df08,troll.network,resell,,,high,low,5,Dynadot Inc,09/12/2023 17:04,09/12/2026 17:04,
d0b24513-4748-46fb-8d5f-9b74ed6c817f,candle.network,resell,,,high,low,6,Porkbun LLC,12/04/2019 14:49,12/04/2027 14:49,
6c90aab4-cb69-4ff2-bb77-7726fa4c0481,regardless.network,available,7.99,,high,low,10,name.com,,,
577fb117-2d15-4c96-b4d9-8d90e690b3e8,anaglyphic.network,available,6.48,46.98,medium,low,10,namecheap,,,
211d6522-c256-43e0-af85-b608a4140333,stopping.network,available,7.99,,high,low,8,name.com,,,
bfc29e34-a5dc-44a6-8bee-8de4b2938ddf,appointed.network,available,6.48,46.98,high,low,9,namecheap,,,06/08/2026 07:21
4bcd2de4-405e-4eeb-9d21-05d66ca80fd1,antipodal.network,available,6.48,46.98,medium,low,9,namecheap,,,
c1491cdd-40fb-466f-ba76-b7fb0cd3e67c,timeworn.network,available,6.48,46.98,medium,low,8,namecheap,,,08/08/2026 11:14
42806a00-6b2c-4687-bbff-b9fe821e9443,oslo.network,premium,280,560,high,low,4,namecheap,,,
1fc80757-208a-4c09-9254-68c2d0f03019,race.network,resell,,,high,low,4,"GoDaddy.com, LLC",16/02/2015 09:37,16/02/2027 09:37,
f0f05e06-281d-4596-9479-2dcc2dde538f,surfaces.network,available,7.99,,medium,low,8,name.com,,,
ca265d14-49f7-409b-9457-30a970e68f4d,continuously.network,available,7.99,,medium,low,12,name.com,,,
fa1c18bd-b57e-4176-a552-18c88285daa2,expertise.network,resell,,,high,low,9,"GoDaddy.com, LLC",03/10/2024 22:43,03/10/2026 22:43,
77a75654-ddcf-47ba-bb43-2fb5554d2273,visibility.network,resell,,,high,low,10,"GoDaddy.com, LLC",17/09/2025 12:35,17/09/2026 12:35,
eed895c0-ebad-4d01-9b5f-e958f1e724d5,resolute.network,resell,,,high,low,8,"Sav.com, LLC",06/01/2026 17:00,06/01/2027 17:00,
672517a9-f31e-4275-84dd-c8f26fc78670,agitated.network,available,6.48,46.98,high,low,8,namecheap,,,
7de9f017-e9ad-4d35-bfb4-b515eb03adbc,significant.network,available,7.99,,high,low,11,name.com,,,
216f0353-9f0c-4d51-b75a-6976a4d4a160,affixed.network,available,6.48,46.98,high,low,7,namecheap,,,
d0e43780-2514-4a50-9fe3-ea386a7ec279,canada.network,available,,,high,low,6,,,,
6223620f-6474-4dae-b0ce-4dfe7d6c837c,archean.network,available,6.48,46.98,medium,low,7,namecheap,,,06/08/2026 15:05
f41d5c27-a36a-46cf-9fe6-d34ff149d549,garlic.network,resell,,,high,low,6,Porkbun LLC,08/06/2024 19:11,08/06/2026 19:11,
4909f62b-000c-48f5-9d0d-d91eadc615ea,aeriferous.network,available,6.48,46.98,medium,low,10,namecheap,,,
9ce74b8e-7bb4-4b08-aef2-841e893cbec7,unhappiness.network,available,7.99,,medium,low,11,name.com,,,
7d72f1dd-015f-4938-aad4-9625bea9d87c,uml.network,premium,14,28,high,low,3,namecheap,,,
a0382552-98cb-4c4b-bb4f-79b6f1a4b5b9,ashy.network,available,6.48,46.98,high,low,4,namecheap,,,07/08/2026 02:04
28fc1479-b4a6-438a-a7df-77e925ba063d,cat.network,available,,,high,low,3,,,,
bea557e0-9ba7-4c16-9ae0-dc99c12ae252,abstruse.network,available,6.48,46.98,medium,low,8,namecheap,,,
edc8c7a5-7148-4280-b36a-96624a98a10e,entirety.network,available,7.99,,high,low,8,name.com,,,
4c3cb024-0eae-4ecd-ab70-6ecda836c53f,kleenex.network,available,7.99,,high,low,7,name.com,,,
c8a3888a-874a-4e30-bd6f-7a9ba1d05cdd,abysmal.network,available,6.48,46.98,medium,low,7,namecheap,,,
5942136a-aaa1-4c42-9c8a-24589f8676b9,adoptable.network,available,6.48,46.98,high,low,9,namecheap,,,
667a21fe-0f54-4326-a104-6dbc37b97ce0,metric.network,resell,,,high,low,6,"Spaceship, Inc.",25/10/2021 06:34,25/10/2026 06:34,
72079089-8809-4099-b5d0-d9d872466042,hype.network,resell,,,high,medium,4,"Spaceship, Inc.",12/07/2015 21:44,12/07/2027 21:44,18/09/2026 07:03
792aa989-9c8b-4fa5-a267-87eb463d0e1f,concussion.network,available,7.99,,high,low,10,name.com,,,
020fce04-e8b6-46d8-a595-a6bbc2da54b6,ugh.network,premium,14,28,medium,low,3,namecheap,,,
fefc1342-2277-4ede-824c-313f4d58d5be,thirteenth.network,available,6.48,46.98,high,low,10,namecheap,,,
1e34f52f-dd0b-4cb7-8b95-688d441eb114,aligning.network,available,6.48,46.98,medium,low,8,namecheap,,,
0552973b-aaf0-49ca-b2a8-2f62b471eaa9,nonplussed.network,available,6.48,46.98,medium,low,10,namecheap,,,07/08/2026 10:48
017d554c-fb25-4002-9403-08b0c1393553,liquor.network,available,7.99,,high,low,6,name.com,,,
4afffc2e-9fa8-4001-a746-4b11b250aa90,comprehend.network,available,7.99,,high,low,10,name.com,,,
1577cda1-224f-4eae-813a-06e88a78bb2c,goodwin.network,available,7.99,,high,low,7,name.com,,,
58ca0b3d-2f11-486c-8d1a-22d117f16e5b,lang.network,resell,,,high,low,4,Dynadot Inc,21/02/2026 17:46,21/02/2027 17:46,
c54d1379-e686-4d6c-b26b-de5c77d10631,oklahoma.network,premium,140,280,high,low,8,namecheap,,,
5172a946-7891-496c-bac5-f381e971f034,internationally.network,available,7.99,,medium,low,15,name.com,,,
ac749bfc-f26b-4c20-9b6b-6a43a8a0a70f,undoubtedly.network,available,7.99,,high,low,11,name.com,,,
510b59a2-bc2f-4e1c-a6d0-78c907cef5c8,summoned.network,available,7.99,,medium,low,8,name.com,,,
14166150-9040-43c9-b469-1aec95de02a7,memorable.network,available,7.99,,high,low,9,name.com,,,
3e2f7160-c427-4a7e-9d1e-81f6708bb907,gently.network,available,7.99,,high,low,6,name.com,,,
8df15e96-45ed-4fb1-9448-51ad398347c9,longest.network,available,7.99,,high,low,7,name.com,,,
689cdc96-c0e8-4561-82e7-f4218975a9fd,estado.network,available,7.99,,high,low,6,name.com,,,
2f37ea4d-6872-433f-b4f2-07f8c0943624,managing.network,available,7.99,,high,low,8,name.com,,,
b2175c15-5f07-428f-b7e4-e03674b5f369,oreo.network,available,7.99,,high,low,4,name.com,,,
f129556c-7c70-44cb-b1e3-b964280f540a,agonizing.network,available,6.48,46.98,high,low,9,namecheap,,,
217f3a3b-8fb8-4ab8-b40b-10e1d89caf4d,infant.network,available,7.99,,high,low,6,name.com,,,
f7c63be7-d8fa-40d8-a7f8-92e715dce40f,grungy.network,available,6.48,46.98,low,low,6,namecheap,,,09/08/2026 09:36
b3e9a8d4-4a3b-42ec-a034-e3e4956e272e,warfare.network,available,7.99,,high,low,7,name.com,,,
37183d23-5dd9-4f49-8570-201d46055ea4,agrarian.network,available,,,high,low,8,,,,
7b6f75f3-d602-4108-aa7b-7026b3a6e3e2,columbia.network,available,,,high,low,8,,,,
d5e257ce-9281-4076-900d-0ba74ece559a,blanched.network,available,6.48,46.98,medium,low,8,namecheap,,,07/08/2026 02:14
99e1a16d-7ee5-42a5-b207-7f177cc3ff12,carribean.network,available,7.99,,high,low,9,name.com,,,
9e381b9e-0437-41cd-a2ff-e45339b5d296,hang.network,available,7.99,,high,low,4,name.com,,,
83b1d3fd-1fba-451a-ab2f-b168e00576a6,forgetting.network,available,7.99,,high,low,10,name.com,,,
484895f3-a461-46fd-9429-2481691c5d18,adoptive.network,available,6.48,46.98,high,low,8,namecheap,,,
581bcbac-df07-4d36-83de-e4c044328c4e,anthropoid.network,available,6.48,46.98,medium,low,10,namecheap,,,
edae6b42-fa2a-44fb-b3a2-16796c92c1ba,breathtaking.network,available,7.99,,high,low,12,name.com,,,
508fe05b-3a3a-4d15-b67d-154ff1fa905b,silvery.network,available,6.48,46.98,high,low,7,namecheap,,,06/08/2026 17:56
cf8d7ceb-9638-4c95-8fd1-52598fd66b8f,yesterday.network,available,7.99,,high,low,9,name.com,,,
c12eb360-6d6b-472d-bd38-d2e8c6542366,foreigner.network,available,6.48,46.98,high,low,9,namecheap,,,
9240095b-b188-4aca-ab21-6aad3b095845,touring.network,available,7.99,,high,low,7,name.com,,,
661e985d-6f20-46ab-ab3a-110cc0ba1a7d,stripling.network,available,6.48,46.98,medium,low,9,namecheap,,,
1dde196f-1ab8-4871-9d5d-ff8acc02f28f,feels.network,available,7.99,,high,low,5,name.com,,,
745a0621-ef17-4c7c-9850-0e79bb678601,abasic.network,available,6.48,46.98,medium,low,6,namecheap,,,
d5d39415-2cc0-4cb7-b407-ae5dfc509309,adios.network,available,7.99,,high,low,5,name.com,,,
6df9e71f-ed99-4535-a75f-d5e2d87c92a1,violation.network,available,7.99,,high,low,9,name.com,,,
9d987fae-a1d3-449d-8f18-9ca3b2279b15,typically.network,available,7.99,,medium,low,9,name.com,,,
22fa4ee5-48a8-400b-bcc6-abeb5bd4b8c0,spontaneity.network,available,7.99,,high,low,11,name.com,,,
ff60d6f4-ece5-4121-a943-ce1a34b0022e,measuring.network,available,7.99,,high,low,9,name.com,,,
d54af73c-2bd2-4be7-8489-19dad5500ca0,cuba.network,available,,,high,low,4,,,,
d82733ff-7827-415e-9318-5730eae5877a,cornered.network,available,6.48,46.98,medium,low,8,namecheap,,,07/08/2026 11:02
d389e704-7aad-4aa6-9226-101c1f544bd9,rigid.network,available,7.99,,high,low,5,name.com,,,
a1de601c-1e6a-453d-8a8a-a1b1766c6094,teenage.network,available,6.48,46.98,high,low,8,namecheap,,,11/09/2026 10:07
e02bd71e-3935-4576-be8d-972b52c08411,coruscant.network,available,6.48,46.98,medium,low,9,namecheap,,,
a73e5327-a14b-4c4c-885e-6ad2c5f3464e,lately.network,available,7.99,,high,low,6,name.com,,,
1b41c7a3-1f95-4da1-8acd-dd8c4e119c90,season.network,resell,,,high,low,6,Porkbun LLC,08/06/2024 19:11,08/06/2026 19:11,
bdfc9c56-4cc9-4f8f-b65a-0ba299fd0274,kid.network,resell,,,high,low,3,"Spaceship, Inc.",11/10/2023 15:15,11/10/2026 15:15,
10bdab97-667f-46ec-a58d-92896cfcc83f,print.network,resell,,,high,medium,5,"NameCheap, Inc.",13/06/2019 09:06,13/06/2026 09:06,
4ba22f30-e4ad-4c7a-963d-02d2aa50f8e6,revealing.network,available,7.99,,high,low,9,name.com,,,
8ac7d3ec-7548-42cd-9256-5ec34d0c7aaf,roomy.network,available,7.99,,high,low,5,name.com,,,
10dbeafe-333d-4b34-a2c6-eea089103086,trap.network,available,7.99,,high,low,4,name.com,,,
dae4dd29-0ed0-4a9a-9249-0654ebb4eab9,nyse.network,available,7.99,,high,low,4,name.com,,,
8005882d-c3b9-41ad-95b6-d7dd36e67774,and.network,resell,,,high,medium,3,Dynadot Inc,05/08/2022 13:15,05/08/2027 13:15,20/09/2026 12:36
9607f49e-aa5f-4e03-9eca-7fe6ee1665af,identified.network,available,7.99,,high,low,10,name.com,,,
4a712d36-e075-4e1f-a430-dc9361863ea8,adviseable.network,available,7.99,,high,low,10,name.com,,,
d71c42df-e4d9-4d5e-a395-4e0fb56542a6,astringent.network,available,6.48,46.98,medium,low,10,namecheap,,,
b954eeec-d0e5-47a0-b546-6bee70097a5e,slowness.network,available,7.99,,high,low,8,name.com,,,
37f730f5-b9f2-4871-8dc8-d937bbc84dc7,pure.network,resell,,,high,medium,4,"GoDaddy.com, LLC",22/11/2018 07:13,22/11/2026 07:13,
c7ef341d-9ed3-4361-a936-5b2c6020ff50,noncitizen.network,available,6.48,46.98,medium,low,10,namecheap,,,
71b7c43a-4315-4e7d-a7ce-ba6898d90c1a,aspirant.network,available,6.48,46.98,medium,low,8,namecheap,,,07/08/2026 05:02
b469e6c1-666d-4933-a35a-4a892cfa6b0f,arbitral.network,available,6.48,46.98,medium,low,8,namecheap,,,06/08/2026 12:48
539b7218-5ce9-4ec4-a2fd-cbcc8a29f57d,barred.network,available,6.48,46.98,medium,low,6,namecheap,,,08/08/2026 20:37
4a3a0ec1-fe1d-4a87-bb3e-50aa17bc7a35,upward.network,resell,,,high,low,6,"Sav.com, LLC",27/09/2025 22:06,27/09/2026 22:06,
269a4fdd-1721-442c-b706-10a14708c695,assuming.network,available,6.48,46.98,high,low,8,namecheap,,,07/08/2026 08:16
96c01daa-45d7-45dc-bd8b-1cc96e72f08f,giraffe.network,resell,,,high,low,7,Dynadot Inc,21/03/2024 17:00,21/03/2027 17:00,
96403b24-3ac0-4c14-bcbe-1d16d1e2af7b,sports.network,available,,,high,low,6,,,,
efd5ead9-e61e-4619-83bd-371c91d2c5bf,lag.network,premium,14,28,high,low,3,namecheap,,,
58fda087-8e86-42df-ae1b-3d90fdba0830,acts.network,available,7.99,,high,low,4,name.com,,,
dbd2dcde-1f77-4192-8cc7-89b2fd891d33,humane.network,resell,,,high,low,6,"Sav.com, LLC - 37",21/03/2025 15:15,21/03/2027 15:15,
4c78c162-5eef-437b-82b9-347dc954ae3e,alimentary.network,available,6.48,46.98,high,low,10,namecheap,,,
2cb76735-2f56-46eb-bac0-94f4001e2c88,families.network,premium,140,280,medium,low,8,namecheap,,,
7aab1b32-231f-4a87-8ae2-52e0d911eeaa,hard.network,resell,,,high,low,4,"Spaceship, Inc.",24/03/2021 13:58,24/03/2027 13:58,06/08/2026 16:55
444aa7d8-bcdd-4667-8071-72e78fe6b4be,moment.network,resell,,,high,low,6,"NameCheap, Inc.",26/02/2026 15:15,26/02/2027 15:15,
ac6ae04e-268e-4c3d-86ae-ec6c32ae2a00,sole.network,resell,,,high,low,4,"Spaceship, Inc.",11/08/2022 13:15,11/08/2027 13:15,20/09/2026 17:59
b7eca274-af4a-4b60-ba4d-049ff5f1fcb5,amongst.network,available,7.99,,medium,low,7,name.com,,,
c1e4fe08-7dd5-48f3-998f-3babdfce7db6,aflare.network,available,6.48,46.98,medium,low,6,namecheap,,,
41bc9526-c66b-40dd-8db1-27d244378f6c,alcoholic.network,available,6.48,46.98,high,low,9,namecheap,,,
1a70c973-07e3-4368-bf6e-6f69c89fb508,ricefield.network,available,7.99,,high,low,10,name.com,,,
81709361-83da-4861-bd1b-092877fcd456,personally.network,available,7.99,,high,low,10,name.com,,,
d5ffc437-1a78-4349-9eec-05677a612ffd,perceived.network,available,7.99,,high,low,9,name.com,,,
5a538b77-aff8-4238-96cd-3e96c7ba2e89,anatomic.network,available,6.48,46.98,medium,low,8,namecheap,,,
be0f2e7c-8b6e-4629-aff0-e6da51b5cbad,buns.network,available,6.48,46.98,medium,low,4,namecheap,,,09/08/2026 10:54
0a59936d-71dc-4de0-8a34-1abe9517f5f5,pen.network,resell,,,high,low,3,"Spaceship, Inc.",07/04/2025 15:15,07/04/2027 15:15,
40f975f1-992e-4cb5-a60d-9c0834b54ae8,bath.network,premium,14,28,high,low,4,namecheap,,,
7d162d6f-bdfc-49e7-baf6-7278ea3b85e6,pacific.network,premium,280,560,high,low,7,namecheap,,,
be01dfb3-9c07-4dd5-9e03-72d9bb9b0f37,modish.network,available,6.48,46.98,high,low,6,namecheap,,,
58faa605-7e8c-49b0-9437-649d3ec98a26,vindicated.network,available,6.48,46.98,high,low,10,namecheap,,,08/09/2026 05:23
af5e7543-c9ad-42fd-83ad-8755b06625c1,toward.network,available,7.99,,high,low,6,name.com,,,
7f0353ff-ef7e-432e-a1d0-cfd8623c8ec5,type.network,resell,,,high,low,4,"Spaceship, Inc.",24/03/2021 11:09,24/03/2027 11:09,
5f5e4964-a3be-4ff3-a614-43b0f710c3e1,analogy.network,available,7.99,,high,low,7,name.com,,,
a3a3893f-7263-4045-a7a6-1fa1c1f7cda3,taiwan.network,available,,,high,low,6,,,,
01906297-b6fe-4a42-a99d-8c9a1e2e0e58,dewy.network,available,6.48,46.98,medium,low,4,namecheap,,,09/08/2026 06:51
a6fd65a5-fc34-471e-a405-b4f63c547f6d,denial.network,available,7.99,,high,low,6,name.com,,,
4e5e66bd-760d-4a12-9084-726093f28afc,subjects.network,available,7.99,,medium,low,8,name.com,,,
65ecd8e5-8023-44a4-9a13-d556f63243e6,jar.network,available,,,high,low,3,,,,
5f797854-f1cc-47a5-972f-927901c25f5a,thinking.network,resell,,,high,low,8,"Sav.com, LLC",05/11/2024 17:08,05/11/2026 17:08,
7c9d85b1-132f-44ce-b771-e8b3ee7ff375,accident.network,resell,,,high,low,8,"Spaceship, Inc.",02/04/2023 17:25,02/04/2027 17:25,
b05d8fd1-83e0-4561-9428-d04430c7dfbc,bidens.network,available,7.99,,high,low,6,name.com,,,
f564053e-0d24-4b32-a293-ca0d9df6153f,ambrosial.network,available,6.48,46.98,medium,low,9,namecheap,,,
5c084a35-1619-4c04-9664-b7e35bf8b6f8,possession.network,available,7.99,,high,low,10,name.com,,,
480d983e-15dd-4d29-a55a-03315fab6684,ironic.network,available,7.99,,high,low,6,name.com,,,
89e74a92-34c7-46cf-a574-01486a759d2e,tomorrow.network,resell,,,high,low,8,Porkbun LLC,22/01/2020 11:59,22/01/2026 11:59,
c5975025-d3fe-4e9f-95cc-13d45a651af5,operose.network,available,6.48,46.98,medium,low,7,namecheap,,,06/08/2026 17:05
465d0712-05d3-4a91-964f-a5103cb2d526,eyrie.network,available,6.48,46.98,high,low,5,namecheap,,,
2f8900b8-21fc-467f-9f26-95db06f90bc7,apogean.network,available,6.48,46.98,medium,low,7,namecheap,,,06/08/2026 01:57
c3709142-6430-4070-8b47-efc1a528ed03,dismissal.network,available,7.99,,high,low,9,name.com,,,
874f1a1e-1ab6-471c-be6a-84220b634708,seeing.network,available,7.99,,high,low,6,name.com,,,
3fe4f838-2d69-4c96-8480-dfa28c42522f,angered.network,available,6.48,46.98,medium,low,7,namecheap,,,
71bd1d24-9434-49ce-b948-e26ae57359f8,investments.network,premium,140,280,high,low,11,namecheap,,,
0dc6e6b2-650a-469b-ac33-5408b900c4bd,beamy.network,available,6.48,46.98,medium,low,5,namecheap,,,09/08/2026 04:18
29523cf6-8a48-4749-9c94-7ffb0c5c567d,clothes.network,resell,,,high,low,7,"Global Domains International, Inc. DBA DomainCostClub.com",10/03/2015 15:11,10/03/2027 15:11,
79694f2b-cd07-41a9-ba5d-6b868cd9c616,hamilton.network,premium,14,28,high,medium,8,namecheap,,,
e5543314-8de2-49b4-a7b7-314a22bd164a,police.network,resell,,,high,low,6,"Spaceship, Inc.",02/09/2023 17:00,02/09/2027 17:00,23/09/2026 23:52
12b5547d-67ec-48e2-a083-0e07fe24a814,barefoot.network,resell,,,high,low,8,Dynadot Inc,03/07/2026 17:02,03/07/2027 17:02,08/08/2026 18:54
3ce47122-e56d-4bad-b9cb-2308b5b0f131,commercially.network,available,7.99,,medium,low,12,name.com,,,
d88fa830-b58a-470a-802a-4a03c6f7c8b1,aguacate.network,available,6.48,46.98,medium,low,8,namecheap,,,07/08/2026 23:46
07ed09de-4a38-416b-b397-75851a03da93,duck.network,resell,,,high,low,4,Porkbun LLC,01/10/2018 03:26,01/10/2027 03:26,
36aca1c5-b774-4bd7-b52f-61708597b929,canoe.network,available,7.99,,high,low,5,name.com,,,
32305c9c-4ce0-420e-995e-a9e6180209ed,barbarous.network,available,6.48,46.98,medium,low,9,namecheap,,,08/08/2026 15:40
2f3de1c1-c8b9-4dd9-bbbc-c6172a6e423a,fussy.network,available,6.48,46.98,medium,low,5,namecheap,,,08/08/2026 07:47
17246f64-09c5-4559-8131-cede71f54759,bacchanal.network,available,6.48,46.98,high,low,9,namecheap,,,08/08/2026 04:14
7f5e5af5-625d-444f-99fc-c1c07257ac08,afterward.network,available,6.48,46.98,medium,low,9,namecheap,,,
16932f88-699b-420a-9340-0c281e95118d,xxiii.network,available,6.48,46.98,high,low,5,namecheap,,,
e4b3a807-94eb-462d-9f59-525a6d0496f1,offered.network,available,7.99,,medium,low,7,name.com,,,
3c95b829-a455-44d0-9cf8-63e08ae415dd,aryan.network,available,6.48,46.98,high,high,5,namecheap,,,07/08/2026 00:01
1464b122-c6ed-4fc9-b4cd-dcdf1ddcac46,indeed.network,available,,,high,low,6,,,,
4e2e16b9-2de5-4296-bbbc-4042dd77c5dd,criticism.network,available,7.99,,high,low,9,name.com,,,
8a4ab211-07cc-4e8e-b100-9733b6827d77,bellbottom.network,available,6.48,46.98,low,low,10,namecheap,,,09/08/2026 13:21
89eedff6-9a14-4269-989c-d9a3003549b4,loaded.network,available,6.48,46.98,high,low,6,namecheap,,,
2a832ee2-2ae3-44b7-8122-4f3e32eefb42,donation.network,premium,140,280,high,low,8,namecheap,,,
47581894-63a3-4108-9eec-26f6ff2cd7ef,speed.network,resell,,,high,low,5,"Spaceship, Inc.",25/02/2021 08:26,25/02/2027 08:26,
a25a2d16-4f67-49ce-b3f4-70c3d5dc7118,ridden.network,available,7.99,,high,low,6,name.com,,,
066663d4-d5e1-4a5c-806c-31b106454443,wireless.network,available,,,high,low,8,,,,
ac836b45-138a-4931-aab2-fb813889bc25,hellish.network,available,6.48,46.98,medium,low,7,namecheap,,,09/08/2026 04:59
1460b006-68e8-4dc7-b095-2fd58a4ccb87,vitamin.network,resell,,,high,low,7,"Sav.com, LLC",26/03/2026 18:54,26/03/2027 18:54,08/09/2026 14:16
f3d14554-6d6b-4274-b051-f9f5f5f99ac2,boozer.network,available,6.48,46.98,medium,low,6,namecheap,,,
13811a18-5fb1-4914-99b2-b0e79b66fa57,slacking.network,available,7.99,,medium,low,8,name.com,,,
230886d5-d39e-4059-a499-106d91dfc506,electricity.network,premium,260,260,high,low,11,namecheap,,,
5d2ec61f-da12-4d80-8b71-b0b45056b5b0,hopefully.network,available,7.99,,high,low,9,name.com,,,
3188db95-c8bd-4872-b706-eb188b458dc8,blockade.network,available,7.99,,high,low,8,name.com,,,
89894256-c49b-4348-a35f-9a26fe3ab2b9,cows.network,available,7.99,,high,low,4,name.com,,,
ce3dd79d-3d35-47e1-8529-1cc30d6e0c88,saddening.network,available,7.99,,medium,low,9,name.com,,,
576bf2b1-7571-47a1-a0f9-2c7472578203,lvi.network,premium,13,26,high,low,3,namecheap,,,
37f0f4ea-48bb-4561-afa2-97ae22174b59,standard.network,available,,,high,low,8,,,,
fbfe2893-6f0c-4c05-93ac-c17b05dedb26,controversial.network,available,7.99,,medium,low,13,name.com,,,
1a4883db-e843-48e8-aadf-35c976ea6b45,rotation.network,available,7.99,,high,low,8,name.com,,,
c98db9b0-2943-4546-a238-774882ad94a9,hanoi.network,premium,140,280,high,low,5,namecheap,,,
5ed24a1c-010d-4558-8b86-4aab6bbb9eac,omit.network,available,7.99,,high,low,4,name.com,,,
007bbeb8-70cd-4057-be91-300806d733b7,blues.network,premium,140,280,high,low,5,namecheap,,,
2d52bc8c-1b29-4927-b852-acb6272aab95,luck.network,resell,,,high,low,4,Dynadot Inc,22/07/2021 06:55,22/07/2027 06:55,19/09/2026 17:28
ade6f70d-802b-43e2-b4a7-0ed77bdd8300,hereditary.network,available,6.48,46.98,high,low,10,namecheap,,,
c9b6ca88-c512-4e60-8a2e-77f304d0d222,lxxxiii.network,available,6.48,46.98,medium,low,7,namecheap,,,
26fdc547-60e9-4ad3-b350-ac077fc30aee,entranced.network,available,6.48,46.98,medium,low,9,namecheap,,,09/08/2026 10:11
84eb84f5-d5dd-4691-8c91-4b710331df56,autotomic.network,available,6.48,46.98,medium,low,9,namecheap,,,07/08/2026 21:13
4d1bd2ee-2466-4700-b45c-710776c1e3f5,terrifying.network,available,7.99,,medium,low,10,name.com,,,
1e7524e9-3ed6-4547-acd2-bee1403852b5,indecent.network,available,7.99,,medium,low,8,name.com,,,
27f18ef8-501c-448a-a361-308b9a94da85,triplet.network,available,6.48,46.98,medium,low,7,namecheap,,,
5abe123a-88ec-4f89-ba8d-e1862b557af5,braless.network,available,6.48,46.98,low,low,7,namecheap,,,08/08/2026 18:29
6d4694f4-6b42-4cc3-80a8-a40d8c0e0850,phrase.network,available,7.99,,high,low,6,name.com,,,
21ea2ccd-6ad8-499f-a174-7309bc275b4a,china.network,available,,,high,low,5,,,,
017e4756-970b-4c2f-a0dc-a2974fc831ad,nighttime.network,available,7.99,,high,low,9,name.com,,,
7d45792f-c116-44e5-8a59-5f5cd3e52338,travelled.network,available,7.99,,high,low,9,name.com,,,
f051f5fd-0b3b-4f93-b230-6503f927546f,aloof.network,available,6.48,46.98,medium,low,5,namecheap,,,
a4d24854-8de0-49d4-b70b-3a4816a88428,organ.network,available,7.99,,high,low,5,name.com,,,
cc5fe22b-69d7-4063-aae4-06d5212debd0,abkhazian.network,available,6.48,46.98,high,low,9,namecheap,,,
bad9d78d-d9d1-42c0-b46a-555c9d5539a9,alarmed.network,available,6.48,46.98,high,low,7,namecheap,,,
827452a2-aa3c-4c83-8b26-9ab8df17bfe1,occurrence.network,available,7.99,,high,low,10,name.com,,,
dd7fc89a-85ae-49d5-821e-fa9674d04485,baric.network,available,6.48,46.98,low,low,5,namecheap,,,08/08/2026 19:31
05021ee6-a078-4537-b2be-41675f6439e6,importance.network,available,7.99,,high,low,10,name.com,,,
3eac6293-dc98-4620-be50-02de0ff54b20,cindy.network,available,7.99,,high,low,5,name.com,,,
adbb7cd5-1464-4a38-a419-4ba705559fbc,wannabe.network,available,6.48,46.98,medium,low,7,namecheap,,,07/08/2026 05:17
787eed8d-c005-427e-9b8a-1e6f58b776ae,xxxiii.network,available,6.48,46.98,medium,low,6,namecheap,,,
52abaa9b-0891-4b97-b8e9-0dcbd8396dde,asat.network,available,,,medium,low,4,,,,
eade73d2-5650-4760-9a69-b7a80a4ed812,ropes.network,available,7.99,,high,low,5,name.com,,,
28bdade9-0cb8-4a3c-92eb-1b65a693f272,weed.network,resell,,,high,low,4,"Spaceship, Inc.",11/08/2025 15:15,11/08/2027 15:15,20/09/2026 18:04
06df24e7-5c10-4fa1-97b4-04489db61467,attested.network,available,,,medium,low,8,,,,
701c354a-c3ae-4238-9a5c-9374eb6f7b1b,penetration.network,available,6.48,46.98,high,low,11,namecheap,,,08/09/2026 15:09
06130045-c8da-49f1-a7ec-335bf74d2358,irritation.network,available,6.48,46.98,high,low,10,namecheap,,,
8aade7a5-0967-4c7f-805d-b95483ed2a4f,boston.network,resell,,,high,low,6,"Global Domains International, Inc. DBA DomainCostClub.com",09/03/2015 15:35,09/03/2027 15:35,
288a04bc-bd9b-42f1-a175-838d02536f8d,volcano.network,resell,,,high,low,7,Dynadot Inc,30/04/2019 20:12,30/04/2027 20:12,
7b406bd4-543c-4b39-b5b3-db54c5a48bf9,sets.network,available,7.99,,medium,low,4,name.com,,,
c47eb93c-6043-46b2-962c-b9dccd36bd3e,arresting.network,available,6.48,46.98,high,low,9,namecheap,,,06/08/2026 21:47
a533e920-6d20-4e0f-978d-9786443429e5,beginning.network,available,6.48,46.98,high,low,9,namecheap,,,09/08/2026 09:06
664b39ae-fa0e-4e2f-8aa6-9a1c95db05d6,vector.network,resell,,,high,low,6,"Spaceship, Inc.",16/11/2022 15:15,16/11/2026 15:15,
0d061295-3edd-4f75-8ca6-842bf62edcc5,vomiting.network,available,7.99,,high,low,8,name.com,,,
9839f1e0-8781-4770-aa24-9cb9f2a35c65,batty.network,available,6.48,46.98,medium,low,5,namecheap,,,06/08/2026 20:35
47fadceb-0943-49ca-afd3-009a4fa14b56,majestic.network,resell,,,high,low,8,Dynadot Inc,24/07/2025 15:16,24/07/2027 15:16,19/09/2026 21:45
799ebad8-9531-43d5-bf78-1ca3a6062933,disappointed.network,available,7.99,,medium,low,12,name.com,,,
13e50d18-92f5-496f-a75f-dfe21c275d6c,walmart.network,available,,,high,medium,7,,,,
83d5dacb-4670-4ac1-9d12-db36627ec953,afflicted.network,available,6.48,46.98,high,low,9,namecheap,,,
9f55f71d-cb16-478a-b064-69a864fc7dba,amusing.network,available,6.48,46.98,high,low,7,namecheap,,,
0cdb2212-4940-44d6-ae7c-e84caa40c743,curtain.network,available,7.99,,high,low,7,name.com,,,
c2359399-99c7-4e6c-a84b-ebdbdf9c7def,don.network,premium,14,28,high,low,3,namecheap,,,
091922ae-e14c-497b-a0d7-91f5de81c3f3,prolife.network,resell,,,high,low,8,"GoDaddy.com, LLC",04/08/2022 03:36,04/08/2027 03:36,
da5d9481-6378-419e-84d1-409f64297e1c,insure.network,resell,,,high,low,6,Dynadot Inc,15/03/2024 08:27,15/03/2027 08:27,
77d976a2-d54d-4623-918e-1c509c7cfc2c,executing.network,available,7.99,,high,low,9,name.com,,,
f9038dba-d01b-45cd-9a04-381572b6f7b2,worse.network,available,7.99,,high,low,5,name.com,,,
1a10c6cd-995f-497d-b66e-4977448aed71,bought.network,available,7.99,,high,low,6,name.com,,,
21d7c1fc-de85-4d5c-9d5e-0f647f3ab64c,bank.network,resell,,,high,low,4,"Global Domains International, Inc. DBA DomainCostClub.com",11/12/2014 08:25,11/12/2026 08:25,
e6d99009-49a2-4c90-bf98-0f9cef023a39,steamed.network,available,6.48,46.98,high,low,7,namecheap,,,
14198163-786a-41b0-a90a-44b8d6e2fef6,uber.network,resell,,,high,high,4,Porkbun LLC,08/10/2020 17:12,08/10/2027 17:12,
3adc1081-efe0-400c-bcbf-105ca90f8ecd,widen.network,available,7.99,,high,low,5,name.com,,,
24c2c42a-f4d1-4a24-a65b-be52c7d9ec3c,contrast.network,resell,,,high,low,8,Dynadot Inc,21/02/2026 17:46,21/02/2027 17:46,
bc4b0a8e-b98f-47f0-9394-f33ed7076255,captivated.network,available,6.48,46.98,medium,low,10,namecheap,,,09/08/2026 09:52
cccfde5d-281e-465b-970c-356afd57941b,leg.network,premium,14,28,high,low,3,namecheap,,,
8128e6f9-9c99-4cf6-a638-0ec852f47b14,importantly.network,available,7.99,,medium,low,11,name.com,,,
4b1c089e-dd0a-4de3-bf63-909e29df6649,keister.network,available,6.48,46.98,low,low,7,namecheap,,,09/08/2026 11:08
f8be9730-034c-414f-8d7b-768668ab78f8,previously.network,available,7.99,,high,low,10,name.com,,,
e0f65d6d-7b4a-4a90-9b5b-5e83ed96406f,proclaiming.network,available,7.99,,high,low,11,name.com,,,
1215940d-a36e-45de-838c-10be80f37152,compensate.network,available,7.99,,high,low,10,name.com,,,
2adf3971-4e9b-4b89-a65a-665ebc595f99,robin.network,resell,,,high,low,5,"Sav.com, LLC - 14",14/01/2026 15:15,14/01/2027 15:15,
2df9e8f9-0ef1-45e2-9370-c18ab32b660e,recently.network,available,7.99,,high,low,8,name.com,,,
78249bbe-f12e-466d-a823-511d0812898c,xciv.network,available,6.48,46.98,medium,low,4,namecheap,,,
69224a5a-3898-4e55-a778-e1d55f594658,faith.network,premium,140,280,high,low,5,namecheap,,,
2197a48c-f76c-481e-b057-823e546a3544,bavarian.network,available,6.48,46.98,high,low,8,namecheap,,,09/08/2026 02:00
50166579-a7b7-4b1a-a7ae-26dbee31c887,successes.network,available,7.99,,medium,low,9,name.com,,,
94e6408d-4b02-44a4-805f-e82bb0713ab0,awestruck.network,available,6.48,46.98,high,low,9,namecheap,,,08/08/2026 01:00
6e16850c-3ee4-4a24-927f-2c7fe397bd54,prairie.network,available,7.99,,high,low,7,name.com,,,
edb910a2-377c-4098-b573-17471fed2e32,successor.network,available,7.99,,high,low,9,name.com,,,
b54fada4-5b77-4c9a-8733-e70e6f5c350e,sold.network,available,7.99,,high,low,4,name.com,,,
414a41e9-1a5e-44a5-b37b-56ee319f0659,surprised.network,available,7.99,,high,low,9,name.com,,,
cd25004f-48df-478a-8fed-26b6ec838e2e,anthropic.network,available,,,medium,low,9,,,,
bfa565b7-e7db-4870-aa1d-35f402219855,retire.network,resell,,,high,low,6,"Sav.com, LLC - 46",08/06/2023 15:15,08/06/2026 15:15,
ea476f4c-ee43-45dc-962e-1e27c56d30b0,aspherical.network,available,6.48,46.98,medium,low,10,namecheap,,,07/08/2026 04:57
426b4ae1-6a16-4640-985e-c9653898bf55,whoreson.network,available,6.48,46.98,low,low,8,namecheap,,,08/08/2026 23:43
92a8eb14-77d4-4091-bc09-0397fbe52ffa,wounded.network,available,7.99,,high,low,7,name.com,,,
fb70ce8e-9c63-494b-8591-40f9b77e5b6a,unmannered.network,available,6.48,46.98,low,low,10,namecheap,,,08/08/2026 07:28
9ca7825b-9e82-4906-82d2-5f82587156eb,amnic.network,available,6.48,46.98,medium,low,5,namecheap,,,
4c649678-46ee-4b36-8f32-71233b75ba1d,briefly.network,available,7.99,,high,low,7,name.com,,,
8440d647-6c94-413c-b772-26defba0a6fb,stepmother.network,available,7.99,,high,low,10,name.com,,,
f3b8ea42-59ff-4138-8c27-21bdf251504b,footballer.network,available,7.99,,high,low,10,name.com,,,
41644d12-2629-4fb9-bbb0-ef37069616f7,arbitrary.network,available,,,high,low,9,,,,
4ef2d40e-2883-4fa3-b7dc-af0d8ff9550e,mop.network,premium,14,28,high,low,3,namecheap,,,
270f3568-e83e-4d0a-80e1-7ea2f765e858,diverting.network,available,6.48,46.98,medium,low,9,namecheap,,,
6fd30e2f-0c9c-4ca3-90eb-8db6997d57bb,strengthen.network,available,7.99,,high,low,10,name.com,,,
b7ad700c-964d-4945-b445-38037a820345,delight.network,resell,,,high,low,7,"Sav.com, LLC",20/11/2024 17:08,20/11/2026 17:08,
b2773c04-3d68-46a8-b96c-0783fdf6fe9c,spheric.network,available,6.48,46.98,medium,low,7,namecheap,,,08/08/2026 10:16
0cc7f240-08a8-4264-b26e-60306d3a64f1,previous.network,available,7.99,,high,low,8,name.com,,,
098b73a9-1da7-4ab5-b01a-1b92b9b9c49f,brainwash.network,available,7.99,,high,low,9,name.com,,,
1823cd4e-e95a-418d-a0f4-fc7cf773a478,detoxify.network,available,7.99,,high,low,8,name.com,,,
c3271ef1-fe0c-400a-9bef-e86276eb8807,jumps.network,available,7.99,,high,low,5,name.com,,,
efc79b39-87fc-455e-84e9-74ae7685edad,ane.network,available,,,high,low,3,,,,
e9fbd65f-a9ae-483d-b2c2-3a1e40ce9a6c,lush.network,available,,,medium,low,4,,,,
1ba6dda2-953e-42f6-9a9f-4d9c0261f53c,absolved.network,available,6.48,46.98,high,low,8,namecheap,,,
f8f78779-ccda-4235-ab7c-0c730b2bc26c,add.network,resell,,,high,low,3,Porkbun LLC,11/06/2024 01:05,11/06/2026 01:05,
5210b259-2ed7-446b-8e7e-1907c4f176d2,practicing.network,available,7.99,,high,low,10,name.com,,,
e91a401a-7954-4a78-8675-6c5cb233c4ae,where.network,resell,,,high,low,5,"Sav.com, LLC - 48",25/04/2025 15:15,25/04/2027 15:15,
1ac06d83-0373-4ab9-b0f9-bb4be4e15468,aloud.network,available,7.99,,high,low,5,name.com,,,
c26f4cc1-9c8a-4696-9035-593ff15844a0,joking.network,available,7.99,,high,low,6,name.com,,,
f5b597fc-575a-4b81-a9ce-5d1cb1a577ee,accurately.network,available,7.99,,high,low,10,name.com,,,
d8c21a5b-a0d4-418e-aa71-cec545a7e15a,diversify.network,available,7.99,,high,low,9,name.com,,,
c4b2db18-04dd-403e-9a9f-4b02285c5b52,clx.network,premium,13,26,high,low,3,namecheap,,,
67208dd2-868e-4e8c-8774-8c72db07e2b5,autarchic.network,available,6.48,46.98,medium,low,9,namecheap,,,07/08/2026 18:36
e04b7db5-a02f-4769-a1f3-fbbf8c1f0002,illustrated.network,available,7.99,,high,low,11,name.com,,,
a8867686-0563-4455-bbed-51d6706979b4,cleopatra.network,available,7.99,,high,low,9,name.com,,,
97600f10-1454-4223-9cb5-a6f26d9559b9,acerb.network,available,6.48,46.98,medium,low,5,namecheap,,,
83fc9114-c818-4731-958a-8dc41b53c48c,adjacent.network,available,6.48,46.98,high,low,8,namecheap,,,
94c911fd-1131-40f2-b37d-bd5bbca38608,motive.network,available,,,high,low,6,,,,
43bace45-6648-4007-a52a-574b5f829750,carousing.network,available,6.48,46.98,medium,low,9,namecheap,,,08/08/2026 04:24
07cf2578-e239-47be-bc21-ee68df4c10c4,pancreas.network,available,7.99,,high,low,8,name.com,,,
346dea1f-a458-434c-b5fa-68093c1c0302,dignitary.network,available,7.99,,high,low,9,name.com,,,
94e5e8ef-baeb-4c97-9ef1-c2e299a02ca5,term.network,resell,,,high,low,4,Porkbun LLC,08/06/2024 19:11,08/06/2026 19:11,
0af6ce44-c4bc-4662-a96b-d0f490066e3f,turncoat.network,available,6.48,46.98,medium,low,8,namecheap,,,06/08/2026 03:49
d94e6b29-4474-40b6-8687-8b4e030ce048,brie.network,available,7.99,,high,low,4,name.com,,,
3936704e-9b8a-46c0-89d8-683a5b2b8bac,amusive.network,available,6.48,46.98,medium,low,7,namecheap,,,
09603544-498a-4e6b-8f37-1ea3e4bf2389,aunt.network,available,7.99,,high,low,4,name.com,,,
1a6ececb-d81f-42f6-978d-af002dfffb9a,amative.network,available,6.48,46.98,medium,low,7,namecheap,,,
a85caa48-aaf7-4cdf-9b01-bc80053b2519,oldest.network,available,7.99,,high,low,6,name.com,,,
4ad14402-06d7-4988-9b5a-06152801a591,guide.network,premium,130,260,high,low,5,namecheap,,,
bb5ca17f-2262-4b93-8d0e-b5ba79be46c3,equivocal.network,available,6.48,46.98,high,low,9,namecheap,,,
646046f0-4683-467a-bf07-c7b32facf922,balance.network,resell,,,high,low,7,Dynadot Inc,01/02/2019 07:05,01/02/2027 07:05,
209f2111-e859-4650-8d0b-69240872b2de,arboreous.network,available,6.48,46.98,medium,low,9,namecheap,,,06/08/2026 12:59
226fc1f4-1b6a-4e02-8562-b5c7e8aec00d,soap.network,resell,,,high,low,4,Unstoppable Domains Inc,30/11/2022 17:16,30/11/2026 17:16,
e5322a36-590c-4256-874c-6753446d4762,gratitude.network,resell,,,high,low,9,"Sav.com, LLC - 36",07/12/2025 15:15,07/12/2026 15:15,
8e8f3f20-a783-4d07-8da8-6257a34a338d,skirt.network,available,7.99,,high,low,5,name.com,,,
9b334ceb-1753-47fb-a828-92d3d62869e9,atacama.network,available,7.99,,high,low,7,name.com,,,
188b5564-94c2-443c-ad4f-6febc90570ac,shrimp.network,resell,,,high,low,6,Porkbun LLC,09/06/2024 00:24,09/06/2026 00:24,
fab572cc-2b14-4c78-b6c8-20a9c4291f06,lxi.network,premium,13,26,medium,low,3,namecheap,,,
fc88fea8-448d-4e63-87f5-ae4d340cecef,adductive.network,available,6.48,46.98,medium,low,9,namecheap,,,
f2a71b47-8d1e-455c-b0a0-2b93ea663449,marble.network,resell,,,high,low,6,Automattic Inc.,18/07/2021 12:10,18/07/2029 12:10,
f608a92a-75ef-45c6-8322-659cfd13031d,wintertime.network,available,7.99,,high,low,11,name.com,,,
76e9a288-a1ae-4be5-9a06-217b8e13de65,solid.network,resell,,,high,low,5,"Spaceship, Inc.",03/10/2017 20:09,03/10/2026 20:09,
5728b5b1-56f0-4f8b-89d4-38b2b5666b87,tanks.network,available,7.99,,high,low,5,name.com,,,
30fead40-8c04-470b-b616-8850556c77dc,anatomy.network,resell,,,high,low,7,Porkbun LLC,10/06/2024 23:38,10/06/2026 23:38,
358902ca-dc43-4103-ab75-b44c6dbe754b,applicable.network,available,6.48,46.98,high,low,10,namecheap,,,06/08/2026 07:06
f70468ea-439c-48a1-8e00-e7d9e5c6b42b,nondrinker.network,available,6.48,46.98,medium,low,10,namecheap,,,
0f88bc50-f4f3-4ca3-99c2-72cf0202a880,acinar.network,available,6.48,46.98,medium,low,6,namecheap,,,
18ba0037-41bf-40be-9e38-1f6b2ba376c0,overwhelm.network,available,7.99,,high,low,9,name.com,,,
fb8692d5-b632-433b-b6c0-f784d8f43106,categorically.network,available,7.99,,medium,low,13,name.com,,,
9ec79186-7664-4de6-bf7e-0afd7e1397d0,totaled.network,available,7.99,,high,low,7,name.com,,,
c56566b3-dd87-4952-8f27-e8bf52474a17,colours.network,available,7.99,,high,low,7,name.com,,,
9c004738-9e87-4176-b79b-4690055ac5c0,allowance.network,available,7.99,,high,low,9,name.com,,,
2abdf1dd-4d2c-44de-805a-b25427c8f14f,songbird.network,available,,,high,low,8,,,,
1dd9a39f-2487-4776-ab4c-94fac75d221d,grandmother.network,available,7.99,,high,low,11,name.com,,,
507cfca0-f711-4bae-bb4a-6e6cbcbde89a,latter.network,available,7.99,,high,low,6,name.com,,,
55f5df4e-a1fb-45dd-94c6-3357b8e68680,basilar.network,available,6.48,46.98,medium,low,7,namecheap,,,08/08/2026 22:16
31643b86-462e-424a-be85-df62371f3ec5,hairbrush.network,available,7.99,,high,low,10,name.com,,,
a41502ba-6650-4713-9d56-afb5e46de265,amoeboid.network,available,6.48,46.98,medium,low,8,namecheap,,,
538baa9a-db51-4138-b7df-e6f7532f74ef,deflation.network,available,7.99,,medium,low,9,name.com,,,
d2bd4c95-526d-4f1a-8682-ca2790d9301b,abnaki.network,available,6.48,46.98,medium,low,6,namecheap,,,
3967adf8-5ef8-4f01-96cf-e6b43679e964,ebay.network,available,,,high,low,4,,,,
44b6452a-c55b-4386-b83c-9ce5b540e2c8,lecture.network,available,7.99,,high,low,7,name.com,,,
a7999cd1-d886-47fa-847c-49c64a063da7,mothafucker.network,available,7.99,,medium,low,11,name.com,,,
d036afce-5911-47a1-b49d-0edfa6eb38d2,agnostical.network,available,6.48,46.98,medium,low,10,namecheap,,,
3bf0736e-8529-4f15-8101-0151b990ecca,aortic.network,available,6.48,46.98,medium,low,6,namecheap,,,05/08/2026 21:54
ac0c3026-f758-45d7-9a8e-33de21a86a34,existent.network,available,6.48,46.98,high,low,8,namecheap,,,
167d3660-9b68-484d-be88-8425a690dc9f,xxxiv.network,available,6.48,46.98,medium,low,5,namecheap,,,
99d1d677-5e2f-470f-89ad-4be9eda6b903,defence.network,resell,,,high,low,7,"Spaceship, Inc.",25/02/2024 15:15,25/02/2027 15:15,
f1dcf5fe-876a-4564-ae5a-649cd4c0ceb4,barefooted.network,available,6.48,46.98,medium,low,10,namecheap,,,08/08/2026 18:59
f6bd03d3-b648-421e-8ae6-0c736fae68ad,intensive.network,available,7.99,,high,low,9,name.com,,,
978e67c0-af26-4857-92b0-6f8fb36719c6,wandering.network,available,7.99,,high,low,9,name.com,,,
d99b63a8-e0b9-4fa4-a137-f14e389ed4f7,using.network,available,7.99,,high,low,5,name.com,,,
8215f02b-6859-4ab3-9043-059c136980cc,vigor.network,resell,,,high,low,5,Porkbun LLC,08/06/2024 19:11,08/06/2026 19:11,
6dc9fee3-3f5e-4543-a45a-5387da9fa98a,joined.network,available,7.99,,high,low,6,name.com,,,
e4412648-7426-428a-9655-ba34a33091fc,otic.network,available,6.48,46.98,medium,low,4,namecheap,,,07/08/2026 17:41
395dae1b-f2a5-4476-a37f-0a37a2a0d849,lettuce.network,resell,,,high,low,7,Dynadot Inc,04/10/2024 02:23,04/10/2026 02:23,
919e5f03-d1ea-4e34-b0b7-19ba0e8c1553,christ.network,resell,,,high,low,6,"Sav.com, LLC - 18",16/01/2026 15:15,16/01/2027 15:15,24/09/2026 07:44
6b197ae2-1688-4f78-ba1e-c01e5cd54f2e,fought.network,available,7.99,,medium,low,6,name.com,,,
c765ba12-8aa5-468c-9db9-440d588ef4da,topnotch.network,available,6.48,46.98,high,low,8,namecheap,,,
30b4b04b-49fa-421d-948d-7b88c45a31fe,portland.network,resell,,,high,low,8,"Global Domains International, Inc. DBA DomainCostClub.com",11/12/2014 00:01,11/12/2026 00:01,
bac058cb-d5f9-40f0-91f4-a72d474c5981,enduring.network,available,6.48,46.98,high,low,8,namecheap,,,
9b6136be-cd46-4bcc-b525-064468862112,conditions.network,available,7.99,,high,low,10,name.com,,,
29078008-2d87-4355-ad04-83ca2cb3b7e0,wheezy.network,available,6.48,46.98,low,low,6,namecheap,,,07/08/2026 09:31
e26da605-442e-454e-9fd0-1f454276511c,shirtless.network,available,7.99,,medium,low,9,name.com,,,
fa9b5ee5-25cf-4ae5-998e-ab891cb21ec7,assume.network,available,7.99,,high,low,6,name.com,,,
6e9ae2d2-dd8d-4362-8aa0-f2c742a3ba6a,apish.network,available,6.48,46.98,medium,low,5,namecheap,,,06/08/2026 00:12
614e5d1f-e721-4f06-9ba0-f278147e0954,australia.network,available,,,high,low,9,,,,
06d9704f-2855-4c69-9e60-a59245beebb8,tush.network,available,6.48,46.98,medium,low,4,namecheap,,,09/08/2026 11:45
846f2e67-30f4-4b1a-a0eb-4e2bf481b8ee,baffled.network,available,6.48,46.98,medium,low,7,namecheap,,,07/08/2026 11:36
b6639ed2-8ed7-4e32-99b0-c933df81e3c4,awed.network,available,6.48,46.98,high,low,4,namecheap,,,08/08/2026 00:44
6a37077b-141b-467e-a885-6ef1ed60f58e,shaking.network,available,7.99,,high,low,7,name.com,,,
54f47407-ea38-44f6-b2ea-2272aeb815cc,antemortem.network,available,6.48,46.98,medium,low,10,namecheap,,,
8f48a85e-f74d-4246-b491-a46660d09b8e,triclinic.network,available,6.48,46.98,medium,low,9,namecheap,,,
23b82fee-729d-4f2d-8fb2-603605929875,religion.network,resell,,,high,low,8,"NameSilo, LLC",10/12/2014 18:45,10/12/2026 18:45,
97e9563d-c2d8-47af-9653-5de57a05c119,anterior.network,available,6.48,46.98,high,low,8,namecheap,,,
e4d652df-f65e-4f03-a42a-f1165f3995ff,amerind.network,available,6.48,46.98,high,low,7,namecheap,,,
e86d4d1f-74ba-41f4-9e0e-55428fc10476,begotten.network,available,6.48,46.98,medium,low,8,namecheap,,,09/08/2026 09:11
d98076fa-a5cb-4fc8-b047-f89bc84dde54,waiting.network,available,7.99,,high,low,7,name.com,,,
63be13b4-21a5-4b6a-92dd-fcb4b8f6ea7b,shh.network,available,,,high,low,3,,,,
2f152fd2-a509-47c1-bbe9-57eef45154e1,plaguy.network,available,6.48,46.98,medium,low,6,namecheap,,,
97c692f1-5e23-4bb2-8549-468b777572d3,kookie.network,available,6.48,46.98,medium,low,6,namecheap,,,06/08/2026 21:09
3f44996e-e476-4af1-837d-2c0f4a13c273,gallon.network,available,7.99,,high,low,6,name.com,,,
2d68fcc7-385e-46f0-8586-88d592684fb6,indefinite.network,available,7.99,,high,low,10,name.com,,,
3e554d81-3c08-4d29-9fc5-e30f917b8a9d,lindsay.network,premium,14,28,high,low,7,namecheap,,,
58d13947-8efe-4c37-95b0-66d2a11bf233,years.network,available,7.99,,high,low,5,name.com,,,
e528c3d1-a8f6-4a58-ad23-1c87ea4b21a3,rustic.network,available,6.48,46.98,high,low,6,namecheap,,,
90f3f21f-8378-4eaf-aaa3-bdff075f6362,backslash.network,available,7.99,,high,low,9,name.com,,,
068963c2-0f98-4956-982f-17bd68a41220,announce.network,available,7.99,,high,low,8,name.com,,,
587ac466-e502-4358-9fef-2c284584945f,reflex.network,resell,,,high,low,6,"Sav.com, LLC - 24",29/08/2025 15:15,29/08/2027 15:15,22/09/2026 21:04
1ed6b223-a1fc-48b4-8514-7d39d16a0d0e,vein.network,available,7.99,,high,low,4,name.com,,,
47f34a54-6067-423f-8437-756cf71540a6,cxlv.network,available,6.48,46.98,high,low,4,namecheap,,,
f5e3f744-5298-4acb-bd39-120bf14b9711,westhill.network,available,7.99,,medium,low,9,name.com,,,
bb05401f-ad21-442f-acdc-531056a85973,dew.network,premium,14,28,high,low,3,namecheap,,,
8b2b8da1-59bd-4a4e-9f68-909222ae117c,asymptotic.network,available,6.48,46.98,medium,low,10,namecheap,,,07/08/2026 10:30
89c9886b-d628-4132-a94e-4f6317345e2b,clinically.network,available,7.99,,high,low,10,name.com,,,
092f7aa2-4a79-48b8-bf9d-5a5af8323ad9,date.network,resell,,,high,low,4,"Sav.com, LLC - 18",09/03/2025 15:15,09/03/2027 15:15,
10fbd61d-f38b-4d12-ab96-ace0448e11d0,put.network,resell,,,high,low,3,Porkbun LLC,11/06/2024 01:05,11/06/2026 01:05,
e07cb059-25c6-41c1-8e40-6758d92f9914,conducting.network,available,7.99,,high,low,10,name.com,,,
2101f018-b74a-4f5f-9aab-2269f08a874c,enhance.network,resell,,,high,low,7,"Spaceship, Inc.",13/02/2022 07:39,13/02/2027 07:39,
9ae65210-c81e-4758-af95-e6d7743dbc15,proficiency.network,available,7.99,,high,low,11,name.com,,,
77f0f9ec-ca81-4846-8f5c-88971c601ade,philistine.network,available,6.48,46.98,medium,low,10,namecheap,,,
8b6a43b5-8a9b-49fc-bae3-6ff79e8067a8,sincerely.network,available,7.99,,high,low,9,name.com,,,
14a002c5-0df8-497a-bd49-c1e8812c659c,heptad.network,available,6.48,46.98,medium,low,6,namecheap,,,
a3ffb12b-884f-4941-b54a-1cd892556f89,assessable.network,available,7.99,45.99,medium,low,10,name.com,,,07/08/2026 06:04
39d1e4e7-2c2a-4063-b75a-0c1d87583aaf,nest.network,resell,,,high,medium,4,Porkbun LLC,19/04/2019 09:15,19/04/2027 09:15,
32bd9ead-214f-467e-9f45-3cd88d444607,ambivalent.network,available,6.48,46.98,medium,low,10,namecheap,,,
ad2bf7e5-5d48-43ec-b4fc-6d1702b2935d,righteous.network,available,7.99,,high,low,9,name.com,,,
384903e1-5a78-4c7b-a64a-085ebfbfd125,alliaceous.network,available,6.48,46.98,medium,low,10,namecheap,,,
19b3ddbf-7596-40f2-bd02-901eeaf1ddb7,aol.network,available,,,high,low,3,,,,
5577cb7d-a8de-42eb-b991-6584cbb29987,aladdin.network,available,,,high,low,7,,,,
737ab238-baf1-41dd-aa66-1913b985726c,autologous.network,available,6.48,46.98,medium,low,10,namecheap,,,07/08/2026 20:37
f1a7a43a-df2e-4ce2-b0f0-f979ea40026e,newsgroup.network,available,7.99,,high,low,9,name.com,,,
9e09e33a-edf3-43c5-9fde-7d53e8cb193b,spice.network,resell,,,high,low,5,Dynadot Inc,05/04/2019 09:32,05/04/2027 09:32,
44535308-96d1-4985-88ed-63707bc7e0bf,gran.network,available,7.99,,high,low,4,name.com,,,
42377bb5-9bee-4241-b65c-e2bf293d005d,sadness.network,available,7.99,,high,low,7,name.com,,,
6a0fd420-4eb4-4278-9962-3d1c563c9a1b,controlling.network,available,7.99,,high,low,11,name.com,,,
e6547a05-8246-468b-8684-95ee69efffea,corner.network,resell,,,high,low,6,Squarespace Domains II LLC,02/03/2024 00:03,02/03/2027 00:03,
7e13d13d-ef53-4226-b0cf-af6e1708de8e,kirkland.network,available,,,high,low,8,,,,
ce1ba52e-ba6a-419a-9b32-81f2c36b8b47,credit.network,resell,,,high,low,6,Dynadot Inc,10/12/2014 04:45,10/12/2027 04:45,
97bc439c-b425-4a72-8551-d75fa2848693,whereabouts.network,available,7.99,,high,low,11,name.com,,,
c2b22ad3-fb78-4adf-bbdf-ea9f490267bd,bomb.network,resell,,,high,low,4,Dynadot Inc,31/07/2024 17:00,31/07/2027 17:00,20/09/2026 05:59
348a3ffd-3c10-4f40-af53-0ac6133391de,philadelphia.network,premium,140,280,high,low,12,namecheap,,,
7839defd-5524-47f8-9221-2df5f1f9dd5d,hashtag.network,resell,,,high,low,7,"Spaceship, Inc.",19/08/2025 15:15,19/08/2027 15:15,21/09/2026 02:49
7d8b0687-993d-4ef7-98e5-0059d16cfe86,roiled.network,available,6.48,46.98,medium,low,6,namecheap,,,
ea7d5326-cc5a-4343-ac06-38c0a2afceca,autumnal.network,available,6.48,46.98,medium,low,8,namecheap,,,07/08/2026 21:23
5180f16e-360e-4d66-ad6e-8a74e35d83dd,boarded.network,available,7.99,,high,low,7,name.com,,,
bd37d94e-ed4e-4f85-8b80-8aa3b13c93a2,bloodless.network,available,6.48,46.98,medium,low,9,namecheap,,,07/08/2026 02:19
a0327c6e-75aa-4878-b692-fe0eb5f2fad1,showering.network,available,7.99,,high,low,9,name.com,,,
4483c2f5-937d-48f5-84c6-eb958de4c611,godhead.network,available,6.48,46.98,high,low,7,namecheap,,,
feb80917-8961-4a96-af68-c4747862776a,miffed.network,available,6.48,46.98,medium,low,6,namecheap,,,
2b5f0900-de2c-4fcd-b344-2d4ecaab893e,babyish.network,available,6.48,46.98,medium,low,7,namecheap,,,08/08/2026 03:53
abc02244-44cb-41bb-b31f-18ef717bd575,exactly.network,available,7.99,,high,low,7,name.com,,,
a0e9c433-74c7-4fea-842f-a83a8b4df1c2,acquitted.network,available,6.48,46.98,high,low,9,namecheap,,,
9671a897-1a5c-4a87-a413-1b256bbc378d,wrote.network,available,7.99,,medium,low,5,name.com,,,
349c837a-1700-4a19-bda3-36231350a6b7,rather.network,available,7.99,,high,low,6,name.com,,,
3bc42270-18c2-4600-ad5d-be14f247b5c2,forgive.network,available,7.99,,high,low,7,name.com,,,
4c21ca20-6cd0-43ac-96a7-285bbc7898f2,tues.network,available,7.99,,high,low,4,name.com,,,
b1e4e51f-be3e-4b5b-964a-2d01734cec7f,jumping.network,available,6.48,46.98,high,low,7,namecheap,,,08/09/2026 06:49
7a2796cd-720f-439d-b6b7-87179af0d0e0,enthusiasm.network,available,7.99,,high,low,10,name.com,,,
6d97da9a-6cf9-4581-be1c-2fef094ccccf,plug.network,resell,,,high,low,4,Dynadot Inc,06/12/2018 11:05,06/12/2026 11:05,
9d1c82c4-159f-414b-8a66-87b604398f59,for.network,resell,,,high,medium,3,Turkticaret.net Yazılım Hizmetleri Sanayi ve Ticaret A.Ş.,15/08/2016 09:03,15/08/2027 09:03,
1c0e4380-331f-42cb-8394-098d98f67204,neighboring.network,available,7.99,,high,low,11,name.com,,,
d37d9094-fbf3-4886-9e1f-24ba0c9f6832,anatomical.network,available,6.48,46.98,medium,low,10,namecheap,,,
88e501aa-1f8b-4cd5-a28f-fa12a3566a1a,acceptive.network,available,6.48,46.98,medium,low,9,namecheap,,,
a8caa237-a304-4f11-adfb-e7fbc1c8926b,understood.network,available,7.99,,high,low,10,name.com,,,
2e9d2a5d-7a72-4aeb-94bf-3550a64a14e9,alias.network,resell,,,high,low,5,"GoDaddy.com, LLC",22/06/2023 18:55,22/06/2027 18:55,
69091b58-da46-4c93-a1bd-a38512f4684e,appellate.network,available,6.48,46.98,medium,low,9,namecheap,,,06/08/2026 06:18
a918a91a-0051-4adb-be14-f3f4703a8a98,balletic.network,available,6.48,46.98,high,low,8,namecheap,,,08/08/2026 10:26
a64c394d-dba9-414c-8882-4fb29dcb93fb,nitid.network,available,6.48,46.98,medium,low,5,namecheap,,,
bdf7d299-14c3-4e70-9a00-045eb52a4366,cowboy.network,premium,560,1120,high,low,6,namecheap,,,
c9509ae0-f511-4d44-8416-90dabab014fa,agleam.network,available,6.48,46.98,medium,low,6,namecheap,,,
75fba93b-84cf-439b-bc01-2d11b9804cd9,unexpected.network,available,7.99,,high,low,10,name.com,,,
ee1bde98-918c-4b1b-81ca-453373f6a52a,extempore.network,available,6.48,46.98,high,low,9,namecheap,,,
5f9b68a4-be1a-4355-a81a-53946eb98550,worth.network,resell,,,high,low,5,"Global Domains International, Inc. DBA DomainCostClub.com",31/01/2023 03:47,31/01/2027 03:47,
fcf8a141-c5e5-47bc-9155-1a4bcf534aea,them.network,available,7.99,,high,low,4,name.com,,,
e550d886-7103-4c77-8a35-1d36c94e9257,wobbly.network,available,7.99,,high,low,6,name.com,,,
0d1157a6-c1cb-442f-a0a4-4538d5c62214,minimum.network,available,7.99,,high,low,7,name.com,,,
849d7212-6582-4cde-8868-8a1786aff449,convince.network,available,7.99,,high,low,8,name.com,,,
9c0c8a9f-15b6-4e05-81a2-cb4e3539eb42,tobacco.network,premium,140,280,medium,low,7,namecheap,,,
9ff0643e-9770-4cb4-9e88-437971e306ce,lxxxii.network,available,6.48,46.98,medium,low,6,namecheap,,,
10a94b57-2061-4894-9e18-fab2c751dfe5,styptic.network,available,6.48,46.98,medium,low,7,namecheap,,,07/08/2026 10:00
af144796-4102-4e96-9348-676c7a191d15,fleshly.network,available,6.48,46.98,medium,low,7,namecheap,,,
52cfc1e4-e37e-4b1e-ae5b-60a8f8d4c421,mild.network,available,7.99,,high,low,4,name.com,,,
d2e565ee-e097-429c-9462-3dacbce5d2b1,cot.network,premium,14,28,high,low,3,namecheap,,,
54096147-8f51-418e-bfe8-472ddecc7687,himself.network,available,7.99,,medium,low,7,name.com,,,
64a1faf2-0a9a-48b0-969c-c0e2b1273023,zooming.network,available,7.99,,high,low,7,name.com,,,
c187803b-a29d-453a-90ce-de129005c310,apposite.network,available,6.48,46.98,medium,low,8,namecheap,,,06/08/2026 07:53
24e13767-e887-4638-b569-6bb700c37815,substitution.network,available,7.99,,high,low,12,name.com,,,
27826629-3f7f-487f-8fc0-9f77749aec0c,actively.network,available,7.99,,high,low,8,name.com,,,
8cdaeef8-1776-4adb-82c4-3cd88c1cd46e,mood.network,resell,,,high,low,4,Porkbun LLC,01/10/2019 11:38,01/10/2027 11:38,
a7f80c34-003b-429a-a5b1-f0f2d596ed54,aurorean.network,available,6.48,46.98,medium,low,8,namecheap,,,07/08/2026 18:12
6e9da338-b1f8-4675-bbe8-04fd4cbf0dd1,ameboid.network,available,6.48,46.98,medium,low,7,namecheap,,,
2b821eae-d7ad-47f5-9e8f-20733a53d5ae,pussy.network,available,7.99,,high,low,5,name.com,,,
636fe48c-998f-4c98-876b-86ceece15e07,artful.network,available,6.48,46.98,high,low,6,namecheap,,,06/08/2026 22:44
a302ea3e-51d1-444c-8956-f0dc388407f5,adamant.network,available,6.48,46.98,high,low,7,namecheap,,,
4568c280-2e69-4d6b-97e5-0c1fdf3a4d30,leather.network,resell,,,high,low,7,"Spaceship, Inc.",02/02/2023 05:40,02/02/2027 05:40,
5ed5b223-abcc-4786-bc00-d94cf2bd1aa8,dives.network,available,7.99,,high,low,5,name.com,,,
2a745150-cfc1-407d-973f-81d6911f0586,superman.network,available,7.99,,high,low,8,name.com,,,
4f87f526-9229-49ff-9a0e-d6ff0d482f2e,snapchat.network,available,7.99,,high,low,8,name.com,,,
54421104-e332-4781-b29c-aff145a4c003,humongous.network,available,6.48,46.98,high,low,9,namecheap,,,08/08/2026 12:58
caa5f039-d8f7-469c-b1c3-6865d36110a3,beatable.network,available,6.48,46.98,medium,low,8,namecheap,,,09/08/2026 05:37
7cd7051f-8d58-47ff-8c58-1e28a12edfc0,lastly.network,available,7.99,,medium,low,6,name.com,,,
557b538e-a9c9-4f91-91ec-af8b25653be3,adscript.network,available,6.48,46.98,high,low,8,namecheap,,,
9e6dc05b-86ef-4896-924c-a33dae67e8ae,whose.network,available,7.99,,high,low,5,name.com,,,
35f76cc3-5089-4954-9b29-066a65ed7a46,crayola.network,available,,,high,low,7,,,,
d2e7decf-9d6c-4653-80d8-ffc351c89256,vexing.network,available,6.48,46.98,high,low,6,namecheap,,,
c8439197-1656-440e-a474-955d162f8e5b,victorian.network,available,7.99,,high,low,9,name.com,,,
3fb25742-0b1e-45ac-9ac1-13c63b187741,facilitate.network,premium,140,280,high,low,10,namecheap,,,
9a19a89b-76c9-4317-b010-07a5e6f2e0e9,journey.network,resell,,,high,low,7,"Spaceship, Inc.",13/01/2025 15:15,13/01/2027 15:15,
10878112-fdbc-49d2-9ee3-f0f3393ed8d2,audio.network,resell,,,high,low,5,Dynadot Inc,24/02/2018 23:27,24/02/2027 23:27,
cc3a919c-758a-48c6-877a-7636440a82ca,retired.network,available,7.99,,high,low,7,name.com,,,
086a4fcf-b9d6-4738-ae05-b8a5b8476d21,adiabatic.network,available,6.48,46.98,high,low,9,namecheap,,,
612527fc-5c04-4df4-ad17-837d55943437,sail.network,resell,,,high,low,4,Porkbun LLC,12/08/2018 15:06,12/08/2027 15:06,
4056a8fe-7f4f-4ab2-99a4-a3215d9174f3,marijuana.network,premium,140,280,high,low,9,namecheap,,,
44f364ee-6fa6-4e03-b0bd-98f98e42b9d0,boob.network,available,7.99,,high,low,4,name.com,,,
1f0da98d-96c8-4ed6-9234-893d8b420097,ink.network,available,,,high,low,3,,,,
710d8dd7-38e5-4204-9731-ce8604b2d31b,adieu.network,available,7.99,,high,low,5,name.com,,,
5fe450ce-9c29-4a17-9afb-8c1830ab2cb1,akimbo.network,available,6.48,46.98,medium,low,6,namecheap,,,
0036aef6-05c4-4570-93e8-351bde3fc9d9,hundredth.network,available,6.48,46.98,high,low,9,namecheap,,,
d0ba0ae4-139c-46e4-9ed9-dc23bbfbcf7e,beads.network,available,7.99,,high,low,5,name.com,,,
c3bfc7aa-c9e7-4f3d-b49f-b45972011214,quaternity.network,available,6.48,46.98,medium,low,10,namecheap,,,
dca80e0a-007e-4f82-a632-ddd0ee69f57d,dishonor.network,available,7.99,,high,low,8,name.com,,,
2f2b1968-db0c-45bd-a69f-7d8e91e071eb,owens.network,premium,14,28,high,low,5,namecheap,,,
063707b9-33cc-4ee5-93e1-db1568a2269f,knotty.network,available,6.48,46.98,high,low,6,namecheap,,,08/08/2026 08:12
d77ac4b4-de3b-44c3-ab8c-f62b2ada3091,people.network,premium,260,520,high,medium,6,namecheap,,,
69df5301-264b-402d-8a4a-e3418826437b,demonstration.network,available,7.99,,high,low,13,name.com,,,
a247c1c9-2576-426f-9549-2c634e54fe57,calf.network,available,7.99,,high,low,4,name.com,,,
bce1c675-7caa-4e95-a4de-3af4e94bc06f,irregular.network,available,,,high,low,9,,,,
7446ae03-e2fd-45c1-a272-96b22f96964d,cinque.network,available,6.48,46.98,medium,low,6,namecheap,,,
5086d852-9b8a-4375-a856-c5146d42a8d9,tomato.network,resell,,,high,low,6,Dynadot Inc,29/06/2018 10:06,29/06/2028 10:06,17/09/2026 04:38
cf58f61c-5bec-4edb-96a6-5e590b9d5d24,appetising.network,available,6.48,46.98,medium,low,10,namecheap,,,06/08/2026 06:50
23409afa-0abf-444e-91dc-1d15216d4e1a,awing.network,available,6.48,46.98,medium,low,5,namecheap,,,08/08/2026 00:34
a5f4885f-48dd-4dd1-b0df-ebf1ee89ec13,mentioned.network,available,7.99,,medium,low,9,name.com,,,
2b3b5f5b-4d20-4512-b5e0-69e0660f9459,fling.network,resell,,,high,low,5,"Sav.com, LLC - 20",03/11/2025 15:15,03/11/2026 15:15,
b37bf0bf-cf40-449b-acc5-384faa4e73d8,azonic.network,available,6.48,46.98,medium,low,6,namecheap,,,08/08/2026 02:32
87184328-2448-4dd2-ae8a-d253c320cf4d,arcuate.network,available,6.48,46.98,medium,low,7,namecheap,,,06/08/2026 14:49
5f1db70a-8aab-493b-90e8-2668fd82cd6f,turnout.network,available,,,high,low,8,,,,
2529d919-6577-41f8-97c8-e0c9894be715,intended.network,available,7.99,,high,low,8,name.com,,,
c5eeebdb-9e2d-4dd1-a05a-600e765df563,tornado.network,resell,,,high,low,7,"Sav.com, LLC - 25",28/03/2026 15:16,28/03/2027 15:16,
cf208820-b110-42d0-8ac6-352c612ec3b2,sequent.network,available,6.48,46.98,high,low,7,namecheap,,,
5fdba0da-5118-4a60-8655-9f59f648505a,structures.network,available,7.99,,medium,low,10,name.com,,,